date,name,level
2025-12-02,Poopguy,129
2025-12-02,SavageBoyNiller,189
2025-12-02,DanfredDiller,189
2025-12-02,Murray,161
2025-12-02,Spectrooo,159
2025-12-02,KrÃ¥get,114
2025-12-02,_Chaze,85
2025-12-02,Stassen,50
2025-12-02,Fortnite,213
2025-12-02,Frokost,171
2025-12-02,Kurtjulus Dubai,157
2025-12-02,csanadb,154
2025-12-02,Murray2,120
2025-12-02,B4ferus,100
2025-12-02,Murray3,95
2025-12-02,Seria,93
2025-12-02,Chad_ThunderCOCK,91
2025-12-02,gosciu101,91
2025-12-02,VaderLH,90
2025-12-02,bojowy_rudzielec,85
2025-12-02,Tumblinpanda,79
2025-12-02,Xiribitata,72
2025-12-02,TheArii,72
2025-12-02,Riko,72
2025-12-02,HappyGG,72
2025-12-02,Wabulo Hiwaudad,69
2025-12-02,poWAZKA,69
2025-12-02,Tadikk,67
2025-12-02,Sund,67
2025-12-02,Jacek Kaczmarski,66
2025-12-02,Pissgirl,65
2025-12-02,Nestoo,62
2025-12-02,Muandella,61
2025-12-02,zioms0n,60
2025-12-02,Budin,54
2025-12-02,Lazarth,53
2025-12-02,Shinrax,51
2025-12-02,boufetout,50
2025-12-02,Arae,49
2025-12-02,Tenebiris,46
2025-12-02,Rio Vidal,44
2025-12-02,ArTeK,42
2025-12-02,zolwik,41
2025-12-02,Kallo,41
2025-12-02,ZITA BI,40
2025-12-02,Tomkowskyy,34
2025-12-03,Poopguy,131
2025-12-03,DanfredDiller,194
2025-12-03,SavageBoyNiller,191
2025-12-03,Murray,163
2025-12-03,Spectrooo,163
2025-12-03,Kråget,115
2025-12-03,_Chaze,86
2025-12-03,Stassen,51
2025-12-03,Fortnite,215
2025-12-03,Frokost,171
2025-12-03,Kurtjulus Dubai,157
2025-12-03,csanadb,157
2025-12-03,Murray2,126
2025-12-03,gosciu101,110
2025-12-03,B4ferus,104
2025-12-03,Murray3,103
2025-12-03,Seria,94
2025-12-03,Chad_ThunderCOCK,93
2025-12-03,VaderLH,91
2025-12-03,bojowy_rudzielec,85
2025-12-03,Tumblinpanda,81
2025-12-03,Riko,75
2025-12-03,Xiribitata,73
2025-12-03,HappyGG,72
2025-12-03,TheArii,72
2025-12-03,poWAZKA,70
2025-12-03,Wabulo Hiwaudad,69
2025-12-03,Tadikk,68
2025-12-03,Sund,67
2025-12-03,Jacek Kaczmarski,66
2025-12-03,Pissgirl,65
2025-12-03,Nestoo,63
2025-12-03,zioms0n,61
2025-12-03,Muandella,61
2025-12-03,Budin,55
2025-12-03,Lazarth,55
2025-12-03,radekcz1,52
2025-12-03,boufetout,52
2025-12-03,Shinrax,51
2025-12-03,Arae,49
2025-12-03,Tenebiris,47
2025-12-03,mondea,47
2025-12-03,DrSchroeder,45
2025-12-03,Rio Vidal,44
2025-12-03,ArTeK,42
2025-12-03,zolwik,42
2025-12-03,Kallo,42
2025-12-03,ZITA BI,40
2025-12-03,Tomkowskyy,35
2025-12-04,Poopguy,139
2025-12-04,DanfredDiller,199
2025-12-04,SavageBoyNiller,192
2025-12-04,Spectrooo,170
2025-12-04,Murray,169
2025-12-04,Kråget,120
2025-12-04,_Chaze,89
2025-12-04,Stassen,52
2025-12-04,Fortnite,222
2025-12-04,Frokost,177
2025-12-04,Kurtjulus Dubai,158
2025-12-04,csanadb,157
2025-12-04,Murray2,130
2025-12-04,gosciu101,113
2025-12-04,Murray3,110
2025-12-04,B4ferus,104
2025-12-04,Seria,98
2025-12-04,Chad_ThunderCOCK,93
2025-12-04,VaderLH,91
2025-12-04,bojowy_rudzielec,86
2025-12-04,Tumblinpanda,81
2025-12-04,Riko,77
2025-12-04,HappyGG,73
2025-12-04,TheArii,73
2025-12-04,Wabulo Hiwaudad,73
2025-12-04,Xiribitata,73
2025-12-04,poWAZKA,71
2025-12-04,Jacek Kaczmarski,70
2025-12-04,Tadikk,69
2025-12-04,Sund,68
2025-12-04,Nestoo,66
2025-12-04,Pissgirl,65
2025-12-04,Muandella,63
2025-12-04,zioms0n,62
2025-12-04,Budin,58
2025-12-04,Lazarth,56
2025-12-04,boufetout,54
2025-12-04,radekcz1,52
2025-12-04,Shinrax,51
2025-12-04,Arae,50
2025-12-04,Tenebiris,48
2025-12-04,mondea,48
2025-12-04,DrSchroeder,45
2025-12-04,Rio Vidal,44
2025-12-04,zolwik,43
2025-12-04,Kallo,43
2025-12-04,ArTeK,42
2025-12-04,ZITA BI,40
2025-12-05,Poopguy,146
2025-12-05,DanfredDiller,200
2025-12-05,SavageBoyNiller,196
2025-12-05,Spectrooo,175
2025-12-05,Murray,170
2025-12-05,Kråget,125
2025-12-05,_Chaze,90
2025-12-05,Stassen,52
2025-12-05,Fortnite,228
2025-12-05,Frokost,177
2025-12-05,Kurtjulus Dubai,163
2025-12-05,csanadb,157
2025-12-05,Murray2,131
2025-12-05,Murray3,115
2025-12-05,gosciu101,114
2025-12-05,B4ferus,104
2025-12-05,Seria,103
2025-12-05,Chad_ThunderCOCK,93
2025-12-05,VaderLH,92
2025-12-05,bojowy_rudzielec,88
2025-12-05,Tumblinpanda,83
2025-12-05,Riko,79
2025-12-05,Xiribitata,76
2025-12-05,Jacek Kaczmarski,75
2025-12-05,HappyGG,74
2025-12-05,Wabulo Hiwaudad,74
2025-12-05,TheArii,73
2025-12-05,Tadikk,71
2025-12-05,poWAZKA,71
2025-12-05,Sund,70
2025-12-05,Dandalf,68
2025-12-05,Nestoo,68
2025-12-05,Muandella,64
2025-12-05,zioms0n,62
2025-12-05,Lazarth,60
2025-12-05,Budin,59
2025-12-05,boufetout,57
2025-12-05,Shinrax,53
2025-12-05,radekcz1,52
2025-12-05,Arae,51
2025-12-05,Tenebiris,49
2025-12-05,mondea,49
2025-12-05,Rio Vidal,45
2025-12-05,DrSchroeder,45
2025-12-05,zolwik,43
2025-12-05,Kallo,43
2025-12-05,ZITA BI,40
2025-12-06,Poopguy,148
2025-12-06,DanfredDiller,212
2025-12-06,SavageBoyNiller,197
2025-12-06,Spectrooo,177
2025-12-06,Murray,173
2025-12-06,Kråget,130
2025-12-06,_Chaze,92
2025-12-06,Stassen,55
2025-12-06,Fortnite,229
2025-12-06,Frokost,190
2025-12-06,Kurtjulus Dubai,172
2025-12-06,csanadb,157
2025-12-06,Murray2,138
2025-12-06,Murray3,122
2025-12-06,gosciu101,120
2025-12-06,Seria,108
2025-12-06,B4ferus,104
2025-12-06,VaderLH,96
2025-12-06,Chad_ThunderCOCK,95
2025-12-06,bojowy_rudzielec,93
2025-12-06,Tumblinpanda,91
2025-12-06,Xiribitata,84
2025-12-06,Jacek Kaczmarski,83
2025-12-06,Riko,81
2025-12-06,HappyGG,77
2025-12-06,Wabulo Hiwaudad,76
2025-12-06,Sund,76
2025-12-06,Tadikk,75
2025-12-06,poWAZKA,73
2025-12-06,Nestoo,72
2025-12-06,Dandalf,69
2025-12-06,Muandella,67
2025-12-06,Lazarth,67
2025-12-06,zioms0n,63
2025-12-06,Budin,63
2025-12-06,boufetout,59
2025-12-06,Shinrax,58
2025-12-06,Arae,53
2025-12-06,Tenebiris,50
2025-12-06,mondea,49
2025-12-06,Rio Vidal,45
2025-12-06,zolwik,45
2025-12-06,DrSchroeder,45
2025-12-06,ZITA BI,43
2025-12-06,Kallo,43
2025-12-07,Poopguy,150
2025-12-07,DanfredDiller,213
2025-12-07,SavageBoyNiller,201
2025-12-07,Murray,182
2025-12-07,Spectrooo,181
2025-12-07,Kråget,134
2025-12-07,_Chaze,93
2025-12-07,Stassen,60
2025-12-07,Fortnite,229
2025-12-07,Frokost,203
2025-12-07,Kurtjulus Dubai,181
2025-12-07,csanadb,164
2025-12-07,Murray2,144
2025-12-07,gosciu101,131
2025-12-07,Murray3,130
2025-12-07,Seria,112
2025-12-07,B4ferus,104
2025-12-07,VaderLH,100
2025-12-07,bojowy_rudzielec,98
2025-12-07,Chad_ThunderCOCK,97
2025-12-07,Tumblinpanda,93
2025-12-07,Jacek Kaczmarski,92
2025-12-07,Xiribitata,92
2025-12-07,Sund,83
2025-12-07,Wabulo Hiwaudad,82
2025-12-07,Riko,81
2025-12-07,Tadikk,79
2025-12-07,HappyGG,78
2025-12-07,Nestoo,76
2025-12-07,poWAZKA,73
2025-12-07,Muandella,71
2025-12-07,Dandalf,71
2025-12-07,Lazarth,70
2025-12-07,zioms0n,69
2025-12-07,Budin,67
2025-12-07,Shinrax,62
2025-12-07,boufetout,62
2025-12-07,Tenebiris,57
2025-12-07,Arae,56
2025-12-07,mondea,50
2025-12-07,zolwik,48
2025-12-07,DrSchroeder,48
2025-12-07,ZITA BI,46
2025-12-07,Kallo,46
2025-12-07,Rio Vidal,45
2025-12-07,Vešiak,44
2025-12-08,Poopguy,153
2025-12-08,DanfredDiller,216
2025-12-08,SavageBoyNiller,204
2025-12-08,Spectrooo,189
2025-12-08,Murray,188
2025-12-08,Kråget,137
2025-12-08,_Chaze,97
2025-12-08,Stassen,60
2025-12-08,Fortnite,232
2025-12-08,Frokost,210
2025-12-08,Kurtjulus Dubai,183
2025-12-08,csanadb,169
2025-12-08,Murray2,149
2025-12-08,Murray3,134
2025-12-08,gosciu101,133
2025-12-08,Seria,118
2025-12-08,B4ferus,105
2025-12-08,bojowy_rudzielec,103
2025-12-08,VaderLH,102
2025-12-08,Jacek Kaczmarski,101
2025-12-08,Chad_ThunderCOCK,101
2025-12-08,Xiribitata,99
2025-12-08,Tumblinpanda,97
2025-12-08,Wabulo Hiwaudad,90
2025-12-08,Sund,89
2025-12-08,HappyGG,85
2025-12-08,Tadikk,83
2025-12-08,Riko,82
2025-12-08,Nestoo,78
2025-12-08,Muandella,76
2025-12-08,Lazarth,75
2025-12-08,Budin,74
2025-12-08,poWAZKA,73
2025-12-08,Dandalf,72
2025-12-08,zioms0n,71
2025-12-08,Shinrax,65
2025-12-08,boufetout,64
2025-12-08,Tenebiris,59
2025-12-08,Arae,57
2025-12-08,mondea,52
2025-12-08,zolwik,50
2025-12-08,DrSchroeder,48
2025-12-08,ZITA BI,46
2025-12-08,Kallo,46
2025-12-08,Vešiak,44
2025-12-08,HawksWarrior,43
2025-12-08,henkipenki 12,42
2025-12-09,Poopguy,154
2025-12-09,DanfredDiller,219
2025-12-09,SavageBoyNiller,208
2025-12-09,Spectrooo,197
2025-12-09,Murray,190
2025-12-09,Kråget,138
2025-12-09,_Chaze,99
2025-12-09,Stassen,60
2025-12-09,Fortnite,234
2025-12-09,Frokost,211
2025-12-09,Kurtjulus Dubai,184
2025-12-09,csanadb,172
2025-12-09,Murray2,149
2025-12-09,gosciu101,137
2025-12-09,Murray3,135
2025-12-09,Seria,121
2025-12-09,B4ferus,105
2025-12-09,bojowy_rudzielec,105
2025-12-09,Jacek Kaczmarski,103
2025-12-09,VaderLH,103
2025-12-09,Xiribitata,102
2025-12-09,Chad_ThunderCOCK,102
2025-12-09,Tumblinpanda,97
2025-12-09,Wabulo Hiwaudad,94
2025-12-09,Sund,93
2025-12-09,HappyGG,87
2025-12-09,Tadikk,86
2025-12-09,Riko,82
2025-12-09,Nestoo,80
2025-12-09,Muandella,77
2025-12-09,Lazarth,76
2025-12-09,Budin,74
2025-12-09,poWAZKA,73
2025-12-09,zioms0n,72
2025-12-09,Dandalf,72
2025-12-09,boufetout,66
2025-12-09,Shinrax,66
2025-12-09,Sagreb,64
2025-12-09,Tenebiris,59
2025-12-09,Arae,58
2025-12-09,mondea,52
2025-12-09,zolwik,51
2025-12-09,DrSchroeder,49
2025-12-09,Kallo,48
2025-12-09,Celestyn04,47
2025-12-09,Asmodias,46
2025-12-09,HawksWarrior,44
2025-12-09,henkipenki 12,42
2025-12-09,Krøiseren,13
2025-12-10,Poopguy,154
2025-12-10,DanfredDiller,219
2025-12-10,SavageBoyNiller,208
2025-12-10,Spectrooo,200
2025-12-10,Murray,193
2025-12-10,Kråget,140
2025-12-10,_Chaze,101
2025-12-10,Stassen,60
2025-12-10,Fortnite,235
2025-12-10,Frokost,211
2025-12-10,Kurtjulus Dubai,190
2025-12-10,csanadb,172
2025-12-10,Murray2,151
2025-12-10,gosciu101,141
2025-12-10,Murray3,137
2025-12-10,Seria,123
2025-12-10,Jacek Kaczmarski,109
2025-12-10,Xiribitata,106
2025-12-10,bojowy_rudzielec,105
2025-12-10,B4ferus,105
2025-12-10,Chad_ThunderCOCK,103
2025-12-10,VaderLH,103
2025-12-10,Sund,103
2025-12-10,Wabulo Hiwaudad,100
2025-12-10,Tumblinpanda,98
2025-12-10,Tadikk,88
2025-12-10,HappyGG,88
2025-12-10,Riko,82
2025-12-10,Nestoo,82
2025-12-10,Muandella,79
2025-12-10,Lazarth,76
2025-12-10,Budin,75
2025-12-10,Teromox,74
2025-12-10,poWAZKA,73
2025-12-10,Dandalf,73
2025-12-10,zioms0n,73
2025-12-10,Shinrax,68
2025-12-10,boufetout,66
2025-12-10,Sagreb,66
2025-12-10,Tenebiris,60
2025-12-10,Arae,60
2025-12-10,Vantos,57
2025-12-10,mondea,53
2025-12-10,zolwik,52
2025-12-10,Celestyn04,48
2025-12-10,Asmodias,48
2025-12-10,HawksWarrior,45
2025-12-10,henkipenki 12,42
2025-12-10,Krøiseren,13
2025-12-10,Oaza,117
2025-12-11,Poopguy,155
2025-12-11,DanfredDiller,219
2025-12-11,SavageBoyNiller,211
2025-12-11,Spectrooo,211
2025-12-11,Murray,195
2025-12-11,Kråget,140
2025-12-11,_Chaze,103
2025-12-11,Stassen,60
2025-12-11,Fortnite,235
2025-12-11,Frokost,212
2025-12-11,Kurtjulus Dubai,193
2025-12-11,csanadb,172
2025-12-11,Murray2,153
2025-12-11,gosciu101,144
2025-12-11,Murray3,137
2025-12-11,Seria,127
2025-12-11,Jacek Kaczmarski,113
2025-12-11,Sund,110
2025-12-11,Xiribitata,109
2025-12-11,bojowy_rudzielec,106
2025-12-11,Chad_ThunderCOCK,105
2025-12-11,B4ferus,105
2025-12-11,VaderLH,104
2025-12-11,Wabulo Hiwaudad,103
2025-12-11,Tumblinpanda,98
2025-12-11,Tadikk,89
2025-12-11,HappyGG,89
2025-12-11,Nestoo,85
2025-12-11,Riko,82
2025-12-11,Muandella,81
2025-12-11,Budin,77
2025-12-11,Lazarth,76
2025-12-11,Teromox,76
2025-12-11,Dandalf,74
2025-12-11,poWAZKA,73
2025-12-11,zioms0n,73
2025-12-11,TitoSKK,69
2025-12-11,Grzybek_Z,69
2025-12-11,Shinrax,69
2025-12-11,boufetout,68
2025-12-11,Sagreb,67
2025-12-11,Tenebiris,61
2025-12-11,Arae,60
2025-12-11,Vantos,58
2025-12-11,Celestyn04,50
2025-12-11,Asmodias,49
2025-12-11,HawksWarrior,46
2025-12-11,Krøiseren,13
2025-12-11,Oaza,117
2025-12-12,Poopguy,158
2025-12-12,DanfredDiller,220
2025-12-12,SavageBoyNiller,212
2025-12-12,Spectrooo,212
2025-12-12,Murray,198
2025-12-12,Kråget,142
2025-12-12,_Chaze,104
2025-12-12,Stassen,60
2025-12-12,Fortnite,235
2025-12-12,Frokost,213
2025-12-12,Kurtjulus Dubai,198
2025-12-12,csanadb,172
2025-12-12,Murray2,154
2025-12-12,gosciu101,145
2025-12-12,Murray3,138
2025-12-12,Seria,130
2025-12-12,Jacek Kaczmarski,119
2025-12-12,Xiribitata,114
2025-12-12,Sund,112
2025-12-12,bojowy_rudzielec,109
2025-12-12,Chad_ThunderCOCK,107
2025-12-12,VaderLH,106
2025-12-12,Wabulo Hiwaudad,105
2025-12-12,B4ferus,105
2025-12-12,Tumblinpanda,102
2025-12-12,HappyGG,102
2025-12-12,Tadikk,93
2025-12-12,Nestoo,87
2025-12-12,Muandella,83
2025-12-12,Riko,82
2025-12-12,Budin,80
2025-12-12,Teromox,77
2025-12-12,Lazarth,76
2025-12-12,Nowy,75
2025-12-12,Dandalf,74
2025-12-12,zioms0n,74
2025-12-12,poWAZKA,73
2025-12-12,TitoSKK,73
2025-12-12,Grzybek_Z,72
2025-12-12,Shinrax,71
2025-12-12,boufetout,69
2025-12-12,Sagreb,69
2025-12-12,Tenebiris,62
2025-12-12,Arae,62
2025-12-12,Vantos,60
2025-12-12,Celestyn04,51
2025-12-12,Asmodias,50
2025-12-12,HawksWarrior,46
2025-12-12,Krøiseren,13
2025-12-13,Poopguy,163
2025-12-13,DanfredDiller,221
2025-12-13,SavageBoyNiller,216
2025-12-13,Spectrooo,212
2025-12-13,Murray,198
2025-12-13,Kråget,142
2025-12-13,_Chaze,105
2025-12-13,Stassen,60
2025-12-13,Fortnite,240
2025-12-13,Frokost,214
2025-12-13,Kurtjulus Dubai,198
2025-12-13,csanadb,173
2025-12-13,Murray2,154
2025-12-13,gosciu101,145
2025-12-13,Murray3,138
2025-12-13,Seria,132
2025-12-13,Jacek Kaczmarski,122
2025-12-13,Xiribitata,117
2025-12-13,Sund,114
2025-12-13,bojowy_rudzielec,114
2025-12-13,Wabulo Hiwaudad,109
2025-12-13,Chad_ThunderCOCK,108
2025-12-13,VaderLH,107
2025-12-13,B4ferus,105
2025-12-13,Tumblinpanda,105
2025-12-13,HappyGG,103
2025-12-13,Tadikk,96
2025-12-13,Nestoo,89
2025-12-13,Muandella,85
2025-12-13,Riko,82
2025-12-13,TitoSKK,80
2025-12-13,Budin,80
2025-12-13,Teromox,79
2025-12-13,Lazarth,76
2025-12-13,Nowy,75
2025-12-13,zioms0n,75
2025-12-13,Dandalf,74
2025-12-13,Shinrax,72
2025-12-13,Grzybek_Z,72
2025-12-13,Sagreb,71
2025-12-13,boufetout,69
2025-12-13,Hamertime,68
2025-12-13,Tenebiris,63
2025-12-13,Arae,63
2025-12-13,Vantos,61
2025-12-13,Asmodias,52
2025-12-13,Celestyn04,51
2025-12-13,HawksWarrior,47
2025-12-13,Krøiseren,13
2025-12-14,Poopguy,165
2025-12-14,DanfredDiller,221
2025-12-14,SavageBoyNiller,217
2025-12-14,Spectrooo,215
2025-12-14,Murray,198
2025-12-14,Kråget,143
2025-12-14,_Chaze,107
2025-12-14,Stassen,60
2025-12-14,Fortnite,242
2025-12-14,Frokost,214
2025-12-14,Kurtjulus Dubai,198
2025-12-14,csanadb,173
2025-12-14,Murray2,154
2025-12-14,gosciu101,145
2025-12-14,Murray3,138
2025-12-14,Seria,135
2025-12-14,Jacek Kaczmarski,124
2025-12-14,Xiribitata,120
2025-12-14,bojowy_rudzielec,117
2025-12-14,Sund,114
2025-12-14,Chad_ThunderCOCK,110
2025-12-14,Wabulo Hiwaudad,110
2025-12-14,VaderLH,108
2025-12-14,Tumblinpanda,106
2025-12-14,B4ferus,105
2025-12-14,HappyGG,103
2025-12-14,Tadikk,99
2025-12-14,Nestoo,94
2025-12-14,Muandella,87
2025-12-14,TitoSKK,83
2025-12-14,Riko,82
2025-12-14,Budin,81
2025-12-14,Teromox,79
2025-12-14,Nowy,76
2025-12-14,Lazarth,76
2025-12-14,zioms0n,75
2025-12-14,Shinrax,74
2025-12-14,Dandalf,74
2025-12-14,Sagreb,73
2025-12-14,Grzybek_Z,72
2025-12-14,Hamertime,69
2025-12-14,boufetout,69
2025-12-14,Tenebiris,64
2025-12-14,Arae,64
2025-12-14,Vantos,63
2025-12-14,Asmodias,52
2025-12-14,Celestyn04,51
2025-12-14,HawksWarrior,48
2025-12-15,Poopguy,167
2025-12-15,DanfredDiller,221
2025-12-15,SavageBoyNiller,217
2025-12-15,Spectrooo,216
2025-12-15,Murray,198
2025-12-15,Kråget,144
2025-12-15,_Chaze,109
2025-12-15,Stassen,60
2025-12-15,Fortnite,245
2025-12-15,Frokost,216
2025-12-15,Kurtjulus Dubai,198
2025-12-15,csanadb,175
2025-12-15,Murray2,156
2025-12-15,gosciu101,147
2025-12-15,Murray3,138
2025-12-15,Seria,136
2025-12-15,Jacek Kaczmarski,129
2025-12-15,Xiribitata,123
2025-12-15,bojowy_rudzielec,121
2025-12-15,Sund,116
2025-12-15,Wabulo Hiwaudad,112
2025-12-15,Chad_ThunderCOCK,111
2025-12-15,VaderLH,110
2025-12-15,Tumblinpanda,106
2025-12-15,HappyGG,104
2025-12-15,Tadikk,101
2025-12-15,Nestoo,100
2025-12-15,Muandella,89
2025-12-15,TitoSKK,86
2025-12-15,Budin,82
2025-12-15,Teromox,79
2025-12-15,Sagreb,78
2025-12-15,Shinrax,76
2025-12-15,Lazarth,76
2025-12-15,Nowy,76
2025-12-15,zioms0n,75
2025-12-15,Dandalf,74
2025-12-15,Grzybek_Z,72
2025-12-15,Hamertime,69
2025-12-15,boufetout,69
2025-12-15,Tenebiris,66
2025-12-15,Vantos,64
2025-12-15,Arae,64
2025-12-15,Asmodias,53
2025-12-15,Celestyn04,53
2025-12-16,Spectrooo,216
2025-12-16,DanfredDiller,223
2025-12-16,SavageBoyNiller,218
2025-12-16,Murray,201
2025-12-16,Poopguy,171
2025-12-16,Kråget,145
2025-12-16,_Chaze,112
2025-12-16,Stassen,60
2025-12-16,Fortnite,245
2025-12-16,Frokost,217
2025-12-16,Kurtjulus Dubai,199
2025-12-16,csanadb,179
2025-12-16,Murray2,156
2025-12-16,gosciu101,148
2025-12-16,Murray3,138
2025-12-16,Seria,138
2025-12-16,Jacek Kaczmarski,130
2025-12-16,Xiribitata,127
2025-12-16,bojowy_rudzielec,126
2025-12-16,Sund,119
2025-12-16,Wabulo Hiwaudad,117
2025-12-16,Chad_ThunderCOCK,113
2025-12-16,VaderLH,110
2025-12-16,Tumblinpanda,108
2025-12-16,HappyGG,105
2025-12-16,Tadikk,104
2025-12-16,Nestoo,103
2025-12-16,Muandella,91
2025-12-16,TitoSKK,87
2025-12-16,Budin,83
2025-12-16,Sagreb,82
2025-12-16,Teromox,80
2025-12-16,Shinrax,78
2025-12-16,Nowy,76
2025-12-16,Lazarth,76
2025-12-16,zioms0n,75
2025-12-16,Dandalf,74
2025-12-16,Grzybek_Z,72
2025-12-16,Hamertime,71
2025-12-16,boufetout,69
2025-12-16,Vantos,67
2025-12-16,Tenebiris,66
2025-12-16,Arae,64
2025-12-16,Asmodias,54
2025-12-16,Celestyn04,53
2025-12-17,Spectrooo,217
2025-12-17,DanfredDiller,223
2025-12-17,SavageBoyNiller,218
2025-12-17,Murray,201
2025-12-17,Poopguy,172
2025-12-17,Kråget,145
2025-12-17,_Chaze,112
2025-12-17,Stassen,60
2025-12-17,Fortnite,246
2025-12-17,Frokost,217
2025-12-17,Kurtjulus Dubai,199
2025-12-17,csanadb,185
2025-12-17,Murray2,156
2025-12-17,gosciu101,150
2025-12-17,Seria,138
2025-12-17,Murray3,138
2025-12-17,Jacek Kaczmarski,130
2025-12-17,Xiribitata,129
2025-12-17,bojowy_rudzielec,128
2025-12-17,Sund,125
2025-12-17,Wabulo Hiwaudad,118
2025-12-17,Chad_ThunderCOCK,114
2025-12-17,HappyGG,112
2025-12-17,VaderLH,110
2025-12-17,Tumblinpanda,108
2025-12-17,Nestoo,106
2025-12-17,Tadikk,105
2025-12-17,Muandella,91
2025-12-17,TitoSKK,89
2025-12-17,Sagreb,86
2025-12-17,Budin,85
2025-12-17,Teromox,81
2025-12-17,Shinrax,79
2025-12-17,zioms0n,76
2025-12-17,Nowy,76
2025-12-17,Grzybek_Z,72
2025-12-17,Hamertime,71
2025-12-17,boufetout,69
2025-12-17,Vantos,68
2025-12-17,Tenebiris,66
2025-12-17,Arae,64
2025-12-17,Asmodias,55
2025-12-17,Celestyn04,54
2025-12-18,Spectrooo,218
2025-12-18,DanfredDiller,224
2025-12-18,SavageBoyNiller,219
2025-12-18,Murray,204
2025-12-18,Poopguy,174
2025-12-18,Kråget,147
2025-12-18,_Chaze,113
2025-12-18,Stassen,61
2025-12-18,Fortnite,248
2025-12-18,Frokost,217
2025-12-18,Kurtjulus Dubai,202
2025-12-18,csanadb,185
2025-12-18,Murray2,156
2025-12-18,gosciu101,150
2025-12-18,Seria,139
2025-12-18,Murray3,138
2025-12-18,Sund,133
2025-12-18,Xiribitata,131
2025-12-18,Jacek Kaczmarski,130
2025-12-18,bojowy_rudzielec,128
2025-12-18,Wabulo Hiwaudad,119
2025-12-18,Chad_ThunderCOCK,118
2025-12-18,HappyGG,113
2025-12-18,VaderLH,111
2025-12-18,Tumblinpanda,109
2025-12-18,Nestoo,108
2025-12-18,Tadikk,106
2025-12-18,Muandella,91
2025-12-18,TitoSKK,90
2025-12-18,Sagreb,89
2025-12-18,Budin,86
2025-12-18,Teromox,82
2025-12-18,Shinrax,81
2025-12-18,zioms0n,77
2025-12-18,Nowy,76
2025-12-18,Grzybek_Z,72
2025-12-18,Hamertime,71
2025-12-18,boufetout,69
2025-12-18,Vantos,69
2025-12-18,Tenebiris,66
2025-12-18,Arae,65
2025-12-18,Asmodias,56
2025-12-18,Celestyn04,56
2025-12-18,rvov,46
2025-12-18,mibombo2,40
2025-12-18,J_brgs_2001,37
2025-12-18,Dáša,32
2025-12-19,Spectrooo,219
2025-12-19,DanfredDiller,224
2025-12-19,SavageBoyNiller,220
2025-12-19,Murray,204
2025-12-19,Poopguy,176
2025-12-19,Kråget,148
2025-12-19,_Chaze,116
2025-12-19,Stassen,61
2025-12-19,Fortnite,248
2025-12-19,Frokost,218
2025-12-19,Kurtjulus Dubai,202
2025-12-19,csanadb,185
2025-12-19,Murray2,156
2025-12-19,gosciu101,151
2025-12-19,Seria,140
2025-12-19,Murray3,138
2025-12-19,Sund,135
2025-12-19,Xiribitata,131
2025-12-19,Jacek Kaczmarski,130
2025-12-19,bojowy_rudzielec,129
2025-12-19,Wabulo Hiwaudad,120
2025-12-19,Chad_ThunderCOCK,119
2025-12-19,HappyGG,114
2025-12-19,Nestoo,112
2025-12-19,VaderLH,111
2025-12-19,Tumblinpanda,109
2025-12-19,Tadikk,107
2025-12-19,Sagreb,92
2025-12-19,Muandella,91
2025-12-19,TitoSKK,90
2025-12-19,Budin,88
2025-12-19,Teromox,82
2025-12-19,Shinrax,82
2025-12-19,zioms0n,77
2025-12-19,Nowy,76
2025-12-19,Hamertime,72
2025-12-19,Vantos,70
2025-12-19,Tenebiris,66
2025-12-19,Arae,65
2025-12-19,Asmodias,58
2025-12-19,Celestyn04,57
2025-12-19,CoolBoy,51
2025-12-19,rvov,47
2025-12-19,GünterLauch,43
2025-12-19,nKost13,43
2025-12-19,mibombo2,41
2025-12-19,J_brgs_2001,38
2025-12-20,Spectrooo,220
2025-12-20,DanfredDiller,229
2025-12-20,SavageBoyNiller,220
2025-12-20,Murray,204
2025-12-20,Poopguy,178
2025-12-20,Kråget,149
2025-12-20,_Chaze,117
2025-12-20,Stassen,61
2025-12-20,Fortnite,251
2025-12-20,Frokost,218
2025-12-20,Kurtjulus Dubai,203
2025-12-20,csanadb,186
2025-12-20,Murray2,156
2025-12-20,gosciu101,153
2025-12-20,Seria,141
2025-12-20,Sund,139
2025-12-20,Murray3,138
2025-12-20,bojowy_rudzielec,132
2025-12-20,Xiribitata,132
2025-12-20,Jacek Kaczmarski,130
2025-12-20,Chad_ThunderCOCK,121
2025-12-20,Wabulo Hiwaudad,120
2025-12-20,HappyGG,118
2025-12-20,Nestoo,117
2025-12-20,VaderLH,111
2025-12-20,Tumblinpanda,111
2025-12-20,Tadikk,108
2025-12-20,Shinrax,107
2025-12-20,Sagreb,100
2025-12-20,Muandella,93
2025-12-20,TitoSKK,93
2025-12-20,Budin,89
2025-12-20,Teromox,83
2025-12-20,zioms0n,77
2025-12-20,Nowy,76
2025-12-20,Hamertime,73
2025-12-20,Vantos,71
2025-12-20,Tenebiris,68
2025-12-20,Arae,66
2025-12-20,Asmodias,62
2025-12-20,Celestyn04,59
2025-12-20,Bitto,55
2025-12-20,CoolBoy,52
2025-12-20,rvov,50
2025-12-20,GünterLauch,49
2025-12-20,Hades2,49
2025-12-20,Pudzuanpl,48
2025-12-20,mibombo2,44
2025-12-20,nKost13,44
2025-12-21,Spectrooo,222
2025-12-21,DanfredDiller,230
2025-12-21,SavageBoyNiller,221
2025-12-21,Murray,204
2025-12-21,Poopguy,181
2025-12-21,Kråget,150
2025-12-21,_Chaze,119
2025-12-21,Stassen,61
2025-12-21,Fortnite,257
2025-12-21,Frokost,219
2025-12-21,Caaes,215
2025-12-21,Kurtjulus Dubai,205
2025-12-21,csanadb,186
2025-12-21,Murray2,156
2025-12-21,gosciu101,155
2025-12-21,Seria,143
2025-12-21,Sund,142
2025-12-21,Murray3,138
2025-12-21,Xiribitata,134
2025-12-21,bojowy_rudzielec,133
2025-12-21,Jacek Kaczmarski,130
2025-12-21,Wabulo Hiwaudad,128
2025-12-21,Chad_ThunderCOCK,126
2025-12-21,Nestoo,121
2025-12-21,HappyGG,120
2025-12-21,Tumblinpanda,115
2025-12-21,VaderLH,112
2025-12-21,Shinrax,112
2025-12-21,Tadikk,112
2025-12-21,Sagreb,105
2025-12-21,TitoSKK,103
2025-12-21,Muandella,94
2025-12-21,Budin,90
2025-12-21,Teromox,84
2025-12-21,zioms0n,77
2025-12-21,Nowy,76
2025-12-21,Vantos,75
2025-12-21,Hamertime,73
2025-12-21,Tenebiris,68
2025-12-21,Asmodias,65
2025-12-21,Celestyn04,60
2025-12-21,Bitto,55
2025-12-21,CoolBoy,54
2025-12-21,Pudzuanpl,53
2025-12-21,rvov,51
2025-12-21,Hades2,51
2025-12-21,mibombo2,47
2025-12-21,nKost13,46
2025-12-22,Poopguy,183
2025-12-22,DanfredDiller,230
2025-12-22,Spectrooo,223
2025-12-22,SavageBoyNiller,221
2025-12-22,Murray,204
2025-12-22,Kråget,150
2025-12-22,_Chaze,121
2025-12-22,Stassen,61
2025-12-22,Iga,262
2025-12-22,Fortnite,257
2025-12-22,Frokost,219
2025-12-22,Caaes,216
2025-12-22,Kurtjulus Dubai,212
2025-12-22,csanadb,186
2025-12-22,gosciu101,159
2025-12-22,Murray2,156
2025-12-22,Sund,146
2025-12-22,Seria,144
2025-12-22,Murray3,138
2025-12-22,bojowy_rudzielec,136
2025-12-22,Xiribitata,134
2025-12-22,Jacek Kaczmarski,130
2025-12-22,Wabulo Hiwaudad,129
2025-12-22,Chad_ThunderCOCK,127
2025-12-22,Nestoo,124
2025-12-22,HappyGG,121
2025-12-22,Tadikk,116
2025-12-22,Tumblinpanda,116
2025-12-22,Shinrax,114
2025-12-22,VaderLH,113
2025-12-22,Sagreb,112
2025-12-22,TitoSKK,104
2025-12-22,Muandella,96
2025-12-22,Budin,93
2025-12-22,Teromox,85
2025-12-22,Vantos,78
2025-12-22,zioms0n,77
2025-12-22,Nowy,76
2025-12-22,Hamertime,74
2025-12-22,Tenebiris,70
2025-12-22,Asmodias,66
2025-12-22,Vaelindra,66
2025-12-22,Celestyn04,63
2025-12-22,Bitto,56
2025-12-22,CoolBoy,54
2025-12-22,Pudzuanpl,54
2025-12-22,rvov,53
2025-12-22,Hades2,52
2025-12-22,nKost13,50
2025-12-22,mibombo2,48
2025-12-23,Poopguy,184
2025-12-23,DanfredDiller,231
2025-12-23,Spectrooo,224
2025-12-23,SavageBoyNiller,223
2025-12-23,Murray,207
2025-12-23,Kråget,151
2025-12-23,_Chaze,122
2025-12-23,Stassen,61
2025-12-23,Iga,262
2025-12-23,Fortnite,257
2025-12-23,Frokost,220
2025-12-23,Caaes,216
2025-12-23,Kurtjulus Dubai,213
2025-12-23,csanadb,186
2025-12-23,gosciu101,159
2025-12-23,Murray2,156
2025-12-23,Sund,148
2025-12-23,Seria,144
2025-12-23,Murray3,138
2025-12-23,bojowy_rudzielec,137
2025-12-23,Xiribitata,135
2025-12-23,Wabulo Hiwaudad,131
2025-12-23,Jacek Kaczmarski,130
2025-12-23,Chad_ThunderCOCK,129
2025-12-23,Nestoo,127
2025-12-23,HappyGG,123
2025-12-23,Tadikk,122
2025-12-23,Tumblinpanda,117
2025-12-23,Sagreb,117
2025-12-23,Shinrax,116
2025-12-23,VaderLH,114
2025-12-23,TitoSKK,108
2025-12-23,Budin,103
2025-12-23,Muandella,97
2025-12-23,Teromox,86
2025-12-23,Vantos,84
2025-12-23,zioms0n,77
2025-12-23,Nowy,76
2025-12-23,Tenebiris,75
2025-12-23,Hamertime,75
2025-12-23,Asmodias,67
2025-12-23,Vaelindra,66
2025-12-23,Celestyn04,65
2025-12-23,Pudzuanpl,60
2025-12-23,CoolBoy,56
2025-12-23,Bitto,56
2025-12-23,nKost13,55
2025-12-23,Hades2,54
2025-12-23,rvov,53
2025-12-23,mibombo2,52
2025-12-24,Poopguy,186
2025-12-24,DanfredDiller,234
2025-12-24,Spectrooo,226
2025-12-24,SavageBoyNiller,224
2025-12-24,Murray,209
2025-12-24,Kråget,153
2025-12-24,_Chaze,123
2025-12-24,Stassen,61
2025-12-24,Iga,262
2025-12-24,Fortnite,257
2025-12-24,Frokost,221
2025-12-24,Caaes,216
2025-12-24,Kurtjulus Dubai,215
2025-12-24,csanadb,189
2025-12-24,gosciu101,161
2025-12-24,Murray2,156
2025-12-24,Sund,150
2025-12-24,Seria,146
2025-12-24,Murray3,138
2025-12-24,bojowy_rudzielec,137
2025-12-24,Xiribitata,136
2025-12-24,Chad_ThunderCOCK,135
2025-12-24,Wabulo Hiwaudad,133
2025-12-24,Nestoo,131
2025-12-24,Jacek Kaczmarski,130
2025-12-24,Tadikk,129
2025-12-24,HappyGG,124
2025-12-24,Sagreb,122
2025-12-24,Shinrax,121
2025-12-24,VaderLH,118
2025-12-24,Tumblinpanda,117
2025-12-24,TitoSKK,110
2025-12-24,Budin,108
2025-12-24,Muandella,98
2025-12-24,Teromox,88
2025-12-24,Vantos,86
2025-12-24,zioms0n,78
2025-12-24,Tenebiris,77
2025-12-24,Hamertime,76
2025-12-24,Asmodias,67
2025-12-24,Vaelindra,66
2025-12-24,Celestyn04,65
2025-12-24,Pudzuanpl,63
2025-12-24,nKost13,58
2025-12-24,Bitto,58
2025-12-24,CoolBoy,56
2025-12-24,Hades2,55
2025-12-24,rvov,54
2025-12-24,mibombo2,52
2025-12-25,Poopguy,188
2025-12-25,DanfredDiller,239
2025-12-25,Spectrooo,226
2025-12-25,SavageBoyNiller,224
2025-12-25,Murray,209
2025-12-25,Kråget,154
2025-12-25,_Chaze,124
2025-12-25,Stassen,61
2025-12-25,Iga,262
2025-12-25,Fortnite,258
2025-12-25,Frokost,226
2025-12-25,Kurtjulus Dubai,216
2025-12-25,Caaes,216
2025-12-25,csanadb,201
2025-12-25,gosciu101,164
2025-12-25,Murray2,156
2025-12-25,Sund,153
2025-12-25,Seria,146
2025-12-25,Chad_ThunderCOCK,139
2025-12-25,Murray3,138
2025-12-25,bojowy_rudzielec,137
2025-12-25,Xiribitata,136
2025-12-25,Wabulo Hiwaudad,136
2025-12-25,Nestoo,132
2025-12-25,Tadikk,131
2025-12-25,Jacek Kaczmarski,130
2025-12-25,Sagreb,129
2025-12-25,HappyGG,126
2025-12-25,Shinrax,126
2025-12-25,Tumblinpanda,119
2025-12-25,VaderLH,118
2025-12-25,TitoSKK,115
2025-12-25,Budin,110
2025-12-25,Muandella,99
2025-12-25,Vantos,91
2025-12-25,Teromox,91
2025-12-25,Tenebiris,79
2025-12-25,zioms0n,78
2025-12-25,Hamertime,76
2025-12-25,Asmodias,74
2025-12-25,Pudzuanpl,66
2025-12-25,Celestyn04,66
2025-12-25,Vaelindra,66
2025-12-25,nKost13,60
2025-12-25,CoolBoy,59
2025-12-25,Bitto,59
2025-12-25,rvov,56
2025-12-25,mibombo2,55
2025-12-25,Hades2,55
2025-12-26,Poopguy,189
2025-12-26,DanfredDiller,239
2025-12-26,Spectrooo,227
2025-12-26,SavageBoyNiller,224
2025-12-26,Murray,213
2025-12-26,Kråget,155
2025-12-26,_Chaze,125
2025-12-26,Stassen,61
2025-12-26,Iga,262
2025-12-26,Fortnite,260
2025-12-26,Frokost,228
2025-12-26,Kurtjulus Dubai,218
2025-12-26,Caaes,217
2025-12-26,csanadb,202
2025-12-26,gosciu101,166
2025-12-26,Sund,159
2025-12-26,Seria,149
2025-12-26,Chad_ThunderCOCK,143
2025-12-26,bojowy_rudzielec,138
2025-12-26,Wabulo Hiwaudad,138
2025-12-26,Xiribitata,137
2025-12-26,Sagreb,135
2025-12-26,Nestoo,134
2025-12-26,Tadikk,132
2025-12-26,Shinrax,128
2025-12-26,HappyGG,127
2025-12-26,TitoSKK,123
2025-12-26,Tumblinpanda,120
2025-12-26,VaderLH,119
2025-12-26,Budin,116
2025-12-26,Muandella,100
2025-12-26,Vantos,96
2025-12-26,Teromox,93
2025-12-26,Tenebiris,79
2025-12-26,zioms0n,78
2025-12-26,Hamertime,77
2025-12-26,Asmodias,75
2025-12-26,Pudzuanpl,69
2025-12-26,Celestyn04,68
2025-12-26,Vaelindra,66
2025-12-26,nKost13,61
2025-12-26,Uraurin Gnunibin,59
2025-12-26,Bitto,59
2025-12-26,CoolBoy,59
2025-12-26,mibombo2,58
2025-12-26,rvov,57
2025-12-26,Hades2,56
2025-12-27,Poopguy,189
2025-12-27,DanfredDiller,240
2025-12-27,Spectrooo,227
2025-12-27,SavageBoyNiller,224
2025-12-27,Murray,213
2025-12-27,Kråget,155
2025-12-27,_Chaze,128
2025-12-27,Stassen,61
2025-12-27,Iga,262
2025-12-27,Fortnite,261
2025-12-27,Frokost,228
2025-12-27,Kurtjulus Dubai,220
2025-12-27,Caaes,218
2025-12-27,csanadb,202
2025-12-27,gosciu101,166
2025-12-27,Sund,164
2025-12-27,Seria,152
2025-12-27,Chad_ThunderCOCK,146
2025-12-27,bojowy_rudzielec,140
2025-12-27,Nestoo,140
2025-12-27,Wabulo Hiwaudad,139
2025-12-27,Xiribitata,138
2025-12-27,Sagreb,136
2025-12-27,Tadikk,136
2025-12-27,Shinrax,132
2025-12-27,TitoSKK,128
2025-12-27,HappyGG,127
2025-12-27,Budin,122
2025-12-27,Tumblinpanda,121
2025-12-27,VaderLH,120
2025-12-27,Muandella,101
2025-12-27,Vantos,99
2025-12-27,Teromox,94
2025-12-27,Tenebiris,84
2025-12-27,Asmodias,78
2025-12-27,zioms0n,78
2025-12-27,Hamertime,77
2025-12-27,Celestyn04,70
2025-12-27,Pudzuanpl,69
2025-12-27,Vaelindra,66
2025-12-27,nKost13,64
2025-12-27,CoolBoy,61
2025-12-27,Bitto,61
2025-12-27,Lunatic,61
2025-12-27,Uraurin Gnunibin,61
2025-12-27,mibombo2,60
2025-12-27,rvov,59
2025-12-27,Hades2,57
2025-12-27,Macatko,172
2025-12-28,Poopguy,191
2025-12-28,DanfredDiller,241
2025-12-28,Spectrooo,227
2025-12-28,SavageBoyNiller,225
2025-12-28,Murray,213
2025-12-28,Kråget,156
2025-12-28,_Chaze,130
2025-12-28,Stassen,61
2025-12-28,Iga,262
2025-12-28,Fortnite,261
2025-12-28,Frokost,229
2025-12-28,Kurtjulus Dubai,220
2025-12-28,Caaes,218
2025-12-28,csanadb,202
2025-12-28,Macatko,172
2025-12-28,gosciu101,169
2025-12-28,Seria,154
2025-12-28,Chad_ThunderCOCK,149
2025-12-28,Nestoo,147
2025-12-28,Sagreb,142
2025-12-28,bojowy_rudzielec,141
2025-12-28,Xiribitata,140
2025-12-28,Wabulo Hiwaudad,140
2025-12-28,Tadikk,139
2025-12-28,Shinrax,132
2025-12-28,TitoSKK,130
2025-12-28,HappyGG,127
2025-12-28,Budin,124
2025-12-28,Tumblinpanda,121
2025-12-28,VaderLH,120
2025-12-28,Vantos,110
2025-12-28,Muandella,102
2025-12-28,Teromox,96
2025-12-28,Tenebiris,88
2025-12-28,Asmodias,84
2025-12-28,Hamertime,78
2025-12-28,zioms0n,78
2025-12-28,Celestyn04,70
2025-12-28,Pudzuanpl,69
2025-12-28,nKost13,66
2025-12-28,Vaelindra,66
2025-12-28,Uraurin Gnunibin,64
2025-12-28,mibombo2,63
2025-12-28,Lunatic,62
2025-12-28,Bitto,61
2025-12-28,Hades2,61
2025-12-28,CoolBoy,61
2025-12-28,rvov,60
2025-12-28,Maxoxo,52
2025-12-29,Poopguy,191
2025-12-29,DanfredDiller,241
2025-12-29,Spectrooo,228
2025-12-29,SavageBoyNiller,225
2025-12-29,Murray,214
2025-12-29,Kråget,156
2025-12-29,_Chaze,133
2025-12-29,Stassen,61
2025-12-29,Iga,262
2025-12-29,Fortnite,262
2025-12-29,Frokost,229
2025-12-29,Kurtjulus Dubai,221
2025-12-29,Caaes,218
2025-12-29,csanadb,202
2025-12-29,Macatko,173
2025-12-29,gosciu101,170
2025-12-29,Seria,157
2025-12-29,Chad_ThunderCOCK,151
2025-12-29,Nestoo,150
2025-12-29,bojowy_rudzielec,148
2025-12-29,Sagreb,147
2025-12-29,Wabulo Hiwaudad,146
2025-12-29,Xiribitata,142
2025-12-29,Tadikk,140
2025-12-29,TitoSKK,135
2025-12-29,Shinrax,133
2025-12-29,Budin,131
2025-12-29,HappyGG,128
2025-12-29,Tumblinpanda,121
2025-12-29,VaderLH,120
2025-12-29,Vantos,110
2025-12-29,Muandella,102
2025-12-29,Teromox,96
2025-12-29,Tenebiris,88
2025-12-29,Hamertime,79
2025-12-29,Korfyyy,79
2025-12-29,zioms0n,78
2025-12-29,Floofloow,77
2025-12-29,Celestyn04,70
2025-12-29,nKost13,68
2025-12-29,Uraurin Gnunibin,65
2025-12-29,mibombo2,64
2025-12-29,Hades2,63
2025-12-29,rvov,62
2025-12-29,Lunatic,62
2025-12-29,CoolBoy,61
2025-12-29,Bitto,61
2025-12-30,Poopguy,193
2025-12-30,DanfredDiller,242
2025-12-30,Spectrooo,229
2025-12-30,SavageBoyNiller,225
2025-12-30,Murray,214
2025-12-30,Kråget,156
2025-12-30,_Chaze,133
2025-12-30,Stassen,61
2025-12-30,Fortnite,263
2025-12-30,Iga,262
2025-12-30,Frokost,230
2025-12-30,Kurtjulus Dubai,221
2025-12-30,Caaes,218
2025-12-30,csanadb,203
2025-12-30,Macatko,173
2025-12-30,gosciu101,171
2025-12-30,Seria,159
2025-12-30,bojowy_rudzielec,154
2025-12-30,Nestoo,154
2025-12-30,Sagreb,152
2025-12-30,Chad_ThunderCOCK,151
2025-12-30,Tadikk,150
2025-12-30,Wabulo Hiwaudad,146
2025-12-30,Xiribitata,143
2025-12-30,Budin,137
2025-12-30,TitoSKK,135
2025-12-30,Shinrax,134
2025-12-30,HappyGG,128
2025-12-30,Tumblinpanda,123
2025-12-30,VaderLH,120
2025-12-30,Vantos,112
2025-12-30,Muandella,103
2025-12-30,Teromox,97
2025-12-30,Tenebiris,90
2025-12-30,Korfyyy,81
2025-12-30,Hamertime,80
2025-12-30,zioms0n,78
2025-12-30,Floofloow,77
2025-12-30,Celestyn04,70
2025-12-30,nKost13,70
2025-12-30,Dinkinafide,68
2025-12-30,Uraurin Gnunibin,67
2025-12-30,mibombo2,66
2025-12-30,Hades2,65
2025-12-30,rvov,63
2025-12-30,Lunatic,62
2025-12-30,Bitto,61
2025-12-31,Poopguy,196
2025-12-31,DanfredDiller,242
2025-12-31,Spectrooo,230
2025-12-31,SavageBoyNiller,225
2025-12-31,Murray,215
2025-12-31,Kråget,156
2025-12-31,_Chaze,135
2025-12-31,Stassen,61
2025-12-31,Fortnite,263
2025-12-31,Iga,262
2025-12-31,Frokost,230
2025-12-31,Kurtjulus Dubai,227
2025-12-31,Caaes,218
2025-12-31,csanadb,203
2025-12-31,Macatko,174
2025-12-31,gosciu101,171
2025-12-31,Seria,161
2025-12-31,Nestoo,161
2025-12-31,bojowy_rudzielec,155
2025-12-31,Tadikk,155
2025-12-31,Sagreb,154
2025-12-31,Chad_ThunderCOCK,151
2025-12-31,Wabulo Hiwaudad,148
2025-12-31,Xiribitata,144
2025-12-31,Budin,138
2025-12-31,TitoSKK,135
2025-12-31,Shinrax,134
2025-12-31,HappyGG,129
2025-12-31,Tumblinpanda,123
2025-12-31,VaderLH,120
2025-12-31,Vantos,113
2025-12-31,Muandella,104
2025-12-31,Teromox,97
2025-12-31,Tenebiris,90
2025-12-31,Korfyyy,82
2025-12-31,Hamertime,81
2025-12-31,zioms0n,78
2025-12-31,nKost13,77
2025-12-31,Floofloow,77
2025-12-31,Celestyn04,70
2025-12-31,mibombo2,69
2025-12-31,Uraurin Gnunibin,69
2025-12-31,Hades2,68
2025-12-31,Dinkinafide,68
2025-12-31,Lunatic,67
2025-12-31,rvov,64
2025-12-31,Bitto,61
2026-01-01,Poopguy,207
2026-01-01,DanfredDiller,243
2026-01-01,Spectrooo,231
2026-01-01,SavageBoyNiller,225
2026-01-01,Murray,218
2026-01-01,Kråget,156
2026-01-01,_Chaze,138
2026-01-01,Stassen,61
2026-01-01,Fortnite,263
2026-01-01,Iga,262
2026-01-01,Frokost,235
2026-01-01,Kurtjulus Dubai,228
2026-01-01,Caaes,218
2026-01-01,csanadb,203
2026-01-01,Macatko,175
2026-01-01,gosciu101,172
2026-01-01,Nestoo,170
2026-01-01,Seria,163
2026-01-01,Tadikk,160
2026-01-01,Sagreb,158
2026-01-01,bojowy_rudzielec,157
2026-01-01,Chad_ThunderCOCK,155
2026-01-01,Wabulo Hiwaudad,151
2026-01-01,Xiribitata,146
2026-01-01,Budin,139
2026-01-01,TitoSKK,136
2026-01-01,Shinrax,135
2026-01-01,HappyGG,131
2026-01-01,Tumblinpanda,126
2026-01-01,VaderLH,120
2026-01-01,Vantos,114
2026-01-01,Muandella,106
2026-01-01,Teromox,99
2026-01-01,Tenebiris,92
2026-01-01,Korfyyy,86
2026-01-01,zioms0n,84
2026-01-01,Hamertime,82
2026-01-01,nKost13,82
2026-01-01,Floofloow,77
2026-01-01,mibombo2,75
2026-01-01,Uraurin Gnunibin,75
2026-01-01,Hades2,72
2026-01-01,Celestyn04,70
2026-01-01,Dinkinafide,70
2026-01-01,rvov,67
2026-01-01,Lunatic,67
2026-01-01,Bitto,65
2026-01-02,Poopguy,208
2026-01-02,DanfredDiller,244
2026-01-02,Spectrooo,231
2026-01-02,SavageBoyNiller,225
2026-01-02,Murray,219
2026-01-02,Kråget,161
2026-01-02,_Chaze,140
2026-01-02,Stassen,61
2026-01-02,Fortnite,263
2026-01-02,Iga,262
2026-01-02,Frokost,235
2026-01-02,Kurtjulus Dubai,229
2026-01-02,Caaes,218
2026-01-02,csanadb,203
2026-01-02,Macatko,175
2026-01-02,gosciu101,173
2026-01-02,Nestoo,171
2026-01-02,Sagreb,167
2026-01-02,Seria,164
2026-01-02,Tadikk,161
2026-01-02,bojowy_rudzielec,157
2026-01-02,Chad_ThunderCOCK,155
2026-01-02,Wabulo Hiwaudad,152
2026-01-02,Xiribitata,149
2026-01-02,Budin,140
2026-01-02,TitoSKK,138
2026-01-02,Shinrax,137
2026-01-02,HappyGG,131
2026-01-02,Tumblinpanda,129
2026-01-02,VaderLH,120
2026-01-02,Vantos,114
2026-01-02,Muandella,107
2026-01-02,Teromox,99
2026-01-02,Tenebiris,93
2026-01-02,nKost13,87
2026-01-02,Korfyyy,87
2026-01-02,zioms0n,86
2026-01-02,Hamertime,83
2026-01-02,Uraurin Gnunibin,83
2026-01-02,mibombo2,81
2026-01-02,Floofloow,79
2026-01-02,Hades2,75
2026-01-02,rvov,70
2026-01-02,Dinkinafide,70
2026-01-02,Lunatic,69
2026-01-02,Bitto,67
2026-01-03,Poopguy,209
2026-01-03,DanfredDiller,245
2026-01-03,Spectrooo,232
2026-01-03,Murray,227
2026-01-03,SavageBoyNiller,225
2026-01-03,Kråget,163
2026-01-03,_Chaze,143
2026-01-03,Stassen,61
2026-01-03,Fortnite,264
2026-01-03,Iga,262
2026-01-03,Frokost,235
2026-01-03,Kurtjulus Dubai,230
2026-01-03,Caaes,218
2026-01-03,csanadb,203
2026-01-03,Sagreb,176
2026-01-03,Macatko,175
2026-01-03,gosciu101,174
2026-01-03,Nestoo,173
2026-01-03,Seria,166
2026-01-03,Tadikk,162
2026-01-03,bojowy_rudzielec,160
2026-01-03,Chad_ThunderCOCK,156
2026-01-03,Wabulo Hiwaudad,154
2026-01-03,Xiribitata,152
2026-01-03,Budin,141
2026-01-03,TitoSKK,140
2026-01-03,Shinrax,137
2026-01-03,HappyGG,135
2026-01-03,Tumblinpanda,130
2026-01-03,VaderLH,120
2026-01-03,Vantos,117
2026-01-03,Muandella,109
2026-01-03,Teromox,102
2026-01-03,Tenebiris,93
2026-01-03,Uraurin Gnunibin,91
2026-01-03,zioms0n,90
2026-01-03,Korfyyy,90
2026-01-03,nKost13,89
2026-01-03,mibombo2,88
2026-01-03,Hamertime,84
2026-01-03,Hades2,79
2026-01-03,Floofloow,79
2026-01-03,rvov,73
2026-01-03,Dinkinafide,71
2026-01-03,Lunatic,70
2026-01-03,Bitto,68
2026-01-04,Poopguy,210
2026-01-04,DanfredDiller,245
2026-01-04,Spectrooo,234
2026-01-04,Murray,227
2026-01-04,SavageBoyNiller,225
2026-01-04,Kråget,165
2026-01-04,_Chaze,146
2026-01-04,Stassen,61
2026-01-04,Fortnite,265
2026-01-04,Iga,262
2026-01-04,Frokost,238
2026-01-04,Kurtjulus Dubai,230
2026-01-04,Caaes,218
2026-01-04,csanadb,203
2026-01-04,Sagreb,184
2026-01-04,Nestoo,183
2026-01-04,gosciu101,177
2026-01-04,Macatko,176
2026-01-04,Seria,168
2026-01-04,Tadikk,166
2026-01-04,bojowy_rudzielec,162
2026-01-04,Wabulo Hiwaudad,156
2026-01-04,Chad_ThunderCOCK,156
2026-01-04,Xiribitata,154
2026-01-04,Budin,141
2026-01-04,TitoSKK,141
2026-01-04,Shinrax,138
2026-01-04,Tumblinpanda,138
2026-01-04,HappyGG,135
2026-01-04,Vantos,120
2026-01-04,VaderLH,120
2026-01-04,Muandella,112
2026-01-04,Teromox,106
2026-01-04,Uraurin Gnunibin,102
2026-01-04,Tenebiris,97
2026-01-04,mibombo2,94
2026-01-04,zioms0n,94
2026-01-04,Korfyyy,93
2026-01-04,nKost13,92
2026-01-04,Hamertime,84
2026-01-04,Elfear4,84
2026-01-04,Hades2,82
2026-01-04,Floofloow,79
2026-01-04,rvov,79
2026-01-04,Plague Doctor,76
2026-01-04,Bitto,72
2026-01-04,Dinkinafide,71
2026-01-04,Lunatic,70
2026-01-04,Zol1,69
2026-01-05,Poopguy,215
2026-01-05,DanfredDiller,245
2026-01-05,Spectrooo,234
2026-01-05,Murray,230
2026-01-05,SavageBoyNiller,225
2026-01-05,Kråget,167
2026-01-05,_Chaze,148
2026-01-05,Stassen,61
2026-01-05,Fortnite,266
2026-01-05,Iga,262
2026-01-05,Frokost,238
2026-01-05,Kurtjulus Dubai,230
2026-01-05,Caaes,218
2026-01-05,csanadb,203
2026-01-05,Sagreb,189
2026-01-05,Nestoo,184
2026-01-05,gosciu101,179
2026-01-05,Macatko,177
2026-01-05,Seria,171
2026-01-05,Tadikk,167
2026-01-05,bojowy_rudzielec,163
2026-01-05,Wabulo Hiwaudad,157
2026-01-05,Chad_ThunderCOCK,156
2026-01-05,Xiribitata,156
2026-01-05,TitoSKK,143
2026-01-05,Tumblinpanda,142
2026-01-05,Budin,142
2026-01-05,HappyGG,139
2026-01-05,Shinrax,138
2026-01-05,Vantos,120
2026-01-05,VaderLH,120
2026-01-05,Muandella,113
2026-01-05,Teromox,110
2026-01-05,Uraurin Gnunibin,109
2026-01-05,mibombo2,101
2026-01-05,Tenebiris,101
2026-01-05,Korfyyy,98
2026-01-05,nKost13,96
2026-01-05,zioms0n,95
2026-01-05,Hades2,85
2026-01-05,Hamertime,85
2026-01-05,rvov,84
2026-01-05,Plague Doctor,83
2026-01-05,Floofloow,79
2026-01-05,Dinkinafide,79
2026-01-05,Zol1,74
2026-01-05,Bitto,73
2026-01-05,Lunatic,71
2026-01-06,Poopguy,217
2026-01-06,DanfredDiller,245
2026-01-06,Spectrooo,235
2026-01-06,Murray,230
2026-01-06,SavageBoyNiller,225
2026-01-06,Kråget,172
2026-01-06,_Chaze,149
2026-01-06,Stassen,61
2026-01-06,Fortnite,266
2026-01-06,Iga,262
2026-01-06,Frokost,238
2026-01-06,Kurtjulus Dubai,230
2026-01-06,Caaes,218
2026-01-06,csanadb,203
2026-01-06,Sagreb,192
2026-01-06,Macatko,187
2026-01-06,Nestoo,185
2026-01-06,gosciu101,179
2026-01-06,Seria,171
2026-01-06,Tadikk,169
2026-01-06,bojowy_rudzielec,163
2026-01-06,Wabulo Hiwaudad,159
2026-01-06,Xiribitata,158
2026-01-06,Chad_ThunderCOCK,156
2026-01-06,TitoSKK,149
2026-01-06,Budin,143
2026-01-06,Tumblinpanda,142
2026-01-06,Shinrax,139
2026-01-06,HappyGG,139
2026-01-06,Vantos,122
2026-01-06,VaderLH,120
2026-01-06,Teromox,114
2026-01-06,Muandella,114
2026-01-06,Uraurin Gnunibin,113
2026-01-06,mibombo2,103
2026-01-06,Tenebiris,101
2026-01-06,nKost13,99
2026-01-06,Korfyyy,99
2026-01-06,zioms0n,96
2026-01-06,Hades2,86
2026-01-06,rvov,86
2026-01-06,Hamertime,85
2026-01-06,Plague Doctor,83
2026-01-06,Dinkinafide,80
2026-01-06,Floofloow,79
2026-01-06,Zol1,75
2026-01-06,Bitto,74
2026-01-06,Lunatic,71
2026-01-07,Poopguy,217
2026-01-07,DanfredDiller,245
2026-01-07,Spectrooo,236
2026-01-07,Murray,230
2026-01-07,SavageBoyNiller,225
2026-01-07,Kråget,173
2026-01-07,_Chaze,150
2026-01-07,Stassen,61
2026-01-07,Fortnite,266
2026-01-07,Iga,262
2026-01-07,Frokost,238
2026-01-07,Kurtjulus Dubai,230
2026-01-07,Caaes,218
2026-01-07,csanadb,203
2026-01-07,Sagreb,193
2026-01-07,Macatko,190
2026-01-07,Nestoo,186
2026-01-07,gosciu101,180
2026-01-07,Tadikk,174
2026-01-07,Seria,174
2026-01-07,bojowy_rudzielec,163
2026-01-07,Wabulo Hiwaudad,159
2026-01-07,Xiribitata,158
2026-01-07,Chad_ThunderCOCK,156
2026-01-07,TitoSKK,149
2026-01-07,Budin,145
2026-01-07,Tumblinpanda,142
2026-01-07,Shinrax,139
2026-01-07,HappyGG,139
2026-01-07,Vantos,125
2026-01-07,VaderLH,120
2026-01-07,Teromox,118
2026-01-07,Uraurin Gnunibin,117
2026-01-07,Muandella,115
2026-01-07,mibombo2,107
2026-01-07,Tenebiris,102
2026-01-07,Korfyyy,101
2026-01-07,zioms0n,100
2026-01-07,nKost13,99
2026-01-07,Hades2,88
2026-01-07,rvov,87
2026-01-07,Hamertime,86
2026-01-07,Plague Doctor,83
2026-01-07,Dinkinafide,82
2026-01-07,Floofloow,79
2026-01-07,Zol1,76
2026-01-07,Bitto,75
2026-01-07,Lunatic,73
2026-01-08,Poopguy,217
2026-01-08,DanfredDiller,245
2026-01-08,Spectrooo,237
2026-01-08,Murray,230
2026-01-08,SavageBoyNiller,225
2026-01-08,Kråget,176
2026-01-08,_Chaze,150
2026-01-08,Stassen,61
2026-01-08,Fortnite,266
2026-01-08,Iga,262
2026-01-08,Frokost,239
2026-01-08,Kurtjulus Dubai,231
2026-01-08,Caaes,218
2026-01-08,csanadb,203
2026-01-08,Macatko,195
2026-01-08,Sagreb,194
2026-01-08,Nestoo,187
2026-01-08,gosciu101,182
2026-01-08,Seria,175
2026-01-08,Tadikk,174
2026-01-08,bojowy_rudzielec,163
2026-01-08,Wabulo Hiwaudad,161
2026-01-08,Xiribitata,159
2026-01-08,Chad_ThunderCOCK,156
2026-01-08,TitoSKK,149
2026-01-08,Budin,145
2026-01-08,Tumblinpanda,142
2026-01-08,HappyGG,139
2026-01-08,Shinrax,139
2026-01-08,Vantos,126
2026-01-08,Uraurin Gnunibin,122
2026-01-08,Teromox,120
2026-01-08,VaderLH,120
2026-01-08,Muandella,115
2026-01-08,mibombo2,109
2026-01-08,zioms0n,105
2026-01-08,Tenebiris,102
2026-01-08,Korfyyy,101
2026-01-08,nKost13,99
2026-01-08,Hades2,90
2026-01-08,rvov,88
2026-01-08,Hamertime,87
2026-01-08,Dinkinafide,86
2026-01-08,Plague Doctor,84
2026-01-08,Floofloow,79
2026-01-08,Lunatic,77
2026-01-08,Zol1,77
2026-01-08,Bitto,75
2026-01-09,Poopguy,218
2026-01-09,DanfredDiller,245
2026-01-09,Spectrooo,238
2026-01-09,Murray,231
2026-01-09,SavageBoyNiller,225
2026-01-09,Kråget,180
2026-01-09,_Chaze,151
2026-01-09,Stassen,61
2026-01-09,Fortnite,266
2026-01-09,Iga,262
2026-01-09,Frokost,239
2026-01-09,Kurtjulus Dubai,231
2026-01-09,Caaes,218
2026-01-09,csanadb,203
2026-01-09,Macatko,196
2026-01-09,Sagreb,195
2026-01-09,Nestoo,194
2026-01-09,gosciu101,182
2026-01-09,Seria,175
2026-01-09,Tadikk,174
2026-01-09,Xiribitata,163
2026-01-09,bojowy_rudzielec,163
2026-01-09,Wabulo Hiwaudad,161
2026-01-09,Chad_ThunderCOCK,156
2026-01-09,TitoSKK,150
2026-01-09,Budin,147
2026-01-09,Tumblinpanda,142
2026-01-09,HappyGG,139
2026-01-09,Shinrax,139
2026-01-09,Vantos,131
2026-01-09,Uraurin Gnunibin,126
2026-01-09,Teromox,123
2026-01-09,VaderLH,120
2026-01-09,Muandella,115
2026-01-09,zioms0n,115
2026-01-09,mibombo2,111
2026-01-09,Korfyyy,104
2026-01-09,nKost13,102
2026-01-09,Tenebiris,102
2026-01-09,Hades2,93
2026-01-09,rvov,89
2026-01-09,Hamertime,88
2026-01-09,Dinkinafide,86
2026-01-09,Plague Doctor,84
2026-01-09,Floofloow,79
2026-01-09,Zol1,78
2026-01-09,Bitto,75
2026-01-09,StepkevinPT,63
2026-01-10,Poopguy,218
2026-01-10,DanfredDiller,245
2026-01-10,Spectrooo,239
2026-01-10,Murray,232
2026-01-10,SavageBoyNiller,225
2026-01-10,Kråget,181
2026-01-10,_Chaze,152
2026-01-10,Stassen,61
2026-01-10,Fortnite,266
2026-01-10,Iga,262
2026-01-10,Frokost,239
2026-01-10,Kurtjulus Dubai,231
2026-01-10,Caaes,218
2026-01-10,csanadb,203
2026-01-10,Sagreb,199
2026-01-10,Nestoo,199
2026-01-10,Macatko,198
2026-01-10,gosciu101,184
2026-01-10,Seria,176
2026-01-10,Tadikk,174
2026-01-10,Xiribitata,168
2026-01-10,bojowy_rudzielec,163
2026-01-10,Wabulo Hiwaudad,162
2026-01-10,Chad_ThunderCOCK,156
2026-01-10,TitoSKK,154
2026-01-10,Budin,148
2026-01-10,Tumblinpanda,142
2026-01-10,Shinrax,140
2026-01-10,HappyGG,139
2026-01-10,Vantos,133
2026-01-10,Uraurin Gnunibin,127
2026-01-10,Teromox,124
2026-01-10,zioms0n,123
2026-01-10,VaderLH,120
2026-01-10,Muandella,117
2026-01-10,mibombo2,113
2026-01-10,nKost13,106
2026-01-10,Tenebiris,105
2026-01-10,Korfyyy,105
2026-01-10,Hades2,94
2026-01-10,rvov,90
2026-01-10,Hamertime,89
2026-01-10,Dinkinafide,87
2026-01-10,Plague Doctor,84
2026-01-10,Zol1,80
2026-01-10,Floofloow,79
2026-01-10,Bitto,75
2026-01-10,StepkevinPT,63
2026-01-11,Poopguy,218
2026-01-11,DanfredDiller,245
2026-01-11,Spectrooo,240
2026-01-11,Murray,232
2026-01-11,SavageBoyNiller,225
2026-01-11,Kråget,182
2026-01-11,_Chaze,152
2026-01-11,Stassen,61
2026-01-11,Fortnite,267
2026-01-11,Iga,262
2026-01-11,Frokost,239
2026-01-11,Kurtjulus Dubai,231
2026-01-11,Caaes,218
2026-01-11,csanadb,203
2026-01-11,Sagreb,200
2026-01-11,Nestoo,200
2026-01-11,Macatko,198
2026-01-11,gosciu101,185
2026-01-11,Seria,177
2026-01-11,Tadikk,175
2026-01-11,Xiribitata,169
2026-01-11,Wabulo Hiwaudad,164
2026-01-11,bojowy_rudzielec,163
2026-01-11,TitoSKK,159
2026-01-11,Chad_ThunderCOCK,157
2026-01-11,Budin,148
2026-01-11,Tumblinpanda,142
2026-01-11,HappyGG,140
2026-01-11,Shinrax,140
2026-01-11,Vantos,137
2026-01-11,Uraurin Gnunibin,127
2026-01-11,zioms0n,125
2026-01-11,Teromox,125
2026-01-11,VaderLH,120
2026-01-11,Muandella,118
2026-01-11,mibombo2,117
2026-01-11,nKost13,108
2026-01-11,Tenebiris,107
2026-01-11,Korfyyy,106
2026-01-11,Hades2,96
2026-01-11,Dinkinafide,93
2026-01-11,rvov,91
2026-01-11,Hamertime,89
2026-01-11,Plague Doctor,84
2026-01-11,Zol1,81
2026-01-11,Floofloow,79
2026-01-11,Bitto,75
2026-01-11,StepkevinPT,64
2026-01-11,B0nsai,64
2026-01-12,Poopguy,218
2026-01-12,DanfredDiller,245
2026-01-12,Spectrooo,240
2026-01-12,Murray,232
2026-01-12,SavageBoyNiller,225
2026-01-12,Kråget,182
2026-01-12,_Chaze,153
2026-01-12,Stassen,61
2026-01-12,Fortnite,267
2026-01-12,Iga,262
2026-01-12,Frokost,239
2026-01-12,Kurtjulus Dubai,231
2026-01-12,Caaes,218
2026-01-12,Sagreb,204
2026-01-12,Macatko,203
2026-01-12,csanadb,203
2026-01-12,Nestoo,202
2026-01-12,gosciu101,187
2026-01-12,Seria,177
2026-01-12,Tadikk,175
2026-01-12,Xiribitata,171
2026-01-12,Wabulo Hiwaudad,166
2026-01-12,bojowy_rudzielec,163
2026-01-12,TitoSKK,161
2026-01-12,Chad_ThunderCOCK,157
2026-01-12,Budin,148
2026-01-12,Tumblinpanda,143
2026-01-12,Shinrax,141
2026-01-12,HappyGG,140
2026-01-12,Vantos,138
2026-01-12,zioms0n,127
2026-01-12,Uraurin Gnunibin,127
2026-01-12,Teromox,125
2026-01-12,mibombo2,121
2026-01-12,VaderLH,120
2026-01-12,Muandella,119
2026-01-12,nKost13,109
2026-01-12,Tenebiris,107
2026-01-12,Korfyyy,106
2026-01-12,Hades2,99
2026-01-12,Dinkinafide,98
2026-01-12,rvov,92
2026-01-12,Hamertime,91
2026-01-12,Plague Doctor,84
2026-01-12,Bitto,82
2026-01-12,Zol1,82
2026-01-12,Floofloow,79
2026-01-12,StepkevinPT,64
2026-01-12,B0nsai,64
2026-01-13,Poopguy,219
2026-01-13,DanfredDiller,245
2026-01-13,Spectrooo,241
2026-01-13,Murray,232
2026-01-13,SavageBoyNiller,225
2026-01-13,Kråget,182
2026-01-13,_Chaze,154
2026-01-13,Stassen,61
2026-01-13,Fortnite,267
2026-01-13,Iga,262
2026-01-13,Frokost,239
2026-01-13,Kurtjulus Dubai,231
2026-01-13,Caaes,218
2026-01-13,Nestoo,208
2026-01-13,csanadb,203
2026-01-13,Macatko,203
2026-01-13,gosciu101,187
2026-01-13,Seria,177
2026-01-13,Tadikk,177
2026-01-13,Xiribitata,171
2026-01-13,Wabulo Hiwaudad,166
2026-01-13,TitoSKK,164
2026-01-13,bojowy_rudzielec,163
2026-01-13,Chad_ThunderCOCK,157
2026-01-13,Budin,148
2026-01-13,Tumblinpanda,143
2026-01-13,Shinrax,141
2026-01-13,Vantos,140
2026-01-13,HappyGG,140
2026-01-13,zioms0n,128
2026-01-13,Uraurin Gnunibin,127
2026-01-13,Teromox,125
2026-01-13,mibombo2,123
2026-01-13,VaderLH,120
2026-01-13,Muandella,119
2026-01-13,Tenebiris,112
2026-01-13,nKost13,111
2026-01-13,Korfyyy,108
2026-01-13,Hades2,100
2026-01-13,Dinkinafide,100
2026-01-13,rvov,94
2026-01-13,Hamertime,92
2026-01-13,Bitto,85
2026-01-13,Plague Doctor,84
2026-01-13,Zol1,82
2026-01-13,Floofloow,79
2026-01-13,StepkevinPT,64
2026-01-13,B0nsai,64
2026-01-13,Slodki_Lisek,62
2026-01-14,Poopguy,219
2026-01-14,DanfredDiller,245
2026-01-14,Spectrooo,242
2026-01-14,Murray,232
2026-01-14,SavageBoyNiller,225
2026-01-14,Kråget,184
2026-01-14,_Chaze,155
2026-01-14,Stassen,61
2026-01-14,Fortnite,267
2026-01-14,Iga,262
2026-01-14,Frokost,239
2026-01-14,Kurtjulus Dubai,231
2026-01-14,Caaes,218
2026-01-14,Nestoo,216
2026-01-14,Macatko,205
2026-01-14,csanadb,203
2026-01-14,gosciu101,188
2026-01-14,Seria,178
2026-01-14,Tadikk,177
2026-01-14,Xiribitata,173
2026-01-14,Wabulo Hiwaudad,166
2026-01-14,TitoSKK,164
2026-01-14,bojowy_rudzielec,163
2026-01-14,Chad_ThunderCOCK,157
2026-01-14,Budin,149
2026-01-14,Tumblinpanda,143
2026-01-14,Shinrax,141
2026-01-14,Vantos,140
2026-01-14,HappyGG,140
2026-01-14,mibombo2,130
2026-01-14,zioms0n,128
2026-01-14,Uraurin Gnunibin,127
2026-01-14,Teromox,126
2026-01-14,Muandella,120
2026-01-14,VaderLH,120
2026-01-14,nKost13,115
2026-01-14,Tenebiris,112
2026-01-14,Korfyyy,109
2026-01-14,Dinkinafide,104
2026-01-14,Hades2,101
2026-01-14,rvov,95
2026-01-14,Hamertime,93
2026-01-14,Bitto,85
2026-01-14,Plague Doctor,84
2026-01-14,Zol1,83
2026-01-14,Floofloow,79
2026-01-14,StepkevinPT,64
2026-01-14,B0nsai,64
2026-01-14,Slodki_Lisek,62
2026-01-15,Poopguy,219
2026-01-15,DanfredDiller,245
2026-01-15,Spectrooo,243
2026-01-15,Murray,232
2026-01-15,SavageBoyNiller,225
2026-01-15,Kråget,188
2026-01-15,_Chaze,155
2026-01-15,Stassen,61
2026-01-15,Fortnite,267
2026-01-15,Iga,262
2026-01-15,Frokost,239
2026-01-15,Kurtjulus Dubai,231
2026-01-15,Caaes,218
2026-01-15,Nestoo,216
2026-01-15,Macatko,206
2026-01-15,csanadb,203
2026-01-15,gosciu101,188
2026-01-15,Seria,179
2026-01-15,Tadikk,178
2026-01-15,Xiribitata,176
2026-01-15,TitoSKK,174
2026-01-15,Wabulo Hiwaudad,166
2026-01-15,bojowy_rudzielec,163
2026-01-15,Chad_ThunderCOCK,157
2026-01-15,Budin,149
2026-01-15,Tumblinpanda,143
2026-01-15,Shinrax,142
2026-01-15,Vantos,141
2026-01-15,HappyGG,140
2026-01-15,mibombo2,131
2026-01-15,zioms0n,128
2026-01-15,Teromox,127
2026-01-15,Uraurin Gnunibin,127
2026-01-15,Muandella,121
2026-01-15,VaderLH,120
2026-01-15,nKost13,115
2026-01-15,Tenebiris,113
2026-01-15,Korfyyy,110
2026-01-15,Dinkinafide,105
2026-01-15,Hades2,103
2026-01-15,rvov,96
2026-01-15,Hamertime,94
2026-01-15,Bitto,86
2026-01-15,Plague Doctor,84
2026-01-15,Zol1,83
2026-01-15,Floofloow,79
2026-01-15,B0nsai,65
2026-01-15,StepkevinPT,64
2026-01-15,Slodki_Lisek,62
2026-01-16,Poopguy,220
2026-01-16,DanfredDiller,245
2026-01-16,Spectrooo,243
2026-01-16,Murray,233
2026-01-16,SavageBoyNiller,225
2026-01-16,Kråget,191
2026-01-16,_Chaze,156
2026-01-16,Fortnite,267
2026-01-16,Iga,262
2026-01-16,Frokost,239
2026-01-16,Kurtjulus Dubai,231
2026-01-16,Caaes,218
2026-01-16,Nestoo,218
2026-01-16,Macatko,207
2026-01-16,csanadb,203
2026-01-16,gosciu101,190
2026-01-16,Seria,181
2026-01-16,Tadikk,180
2026-01-16,Xiribitata,178
2026-01-16,TitoSKK,174
2026-01-16,Wabulo Hiwaudad,166
2026-01-16,bojowy_rudzielec,163
2026-01-16,Chad_ThunderCOCK,157
2026-01-16,Budin,149
2026-01-16,Vantos,148
2026-01-16,Tumblinpanda,143
2026-01-16,Shinrax,142
2026-01-16,HappyGG,141
2026-01-16,zioms0n,132
2026-01-16,mibombo2,131
2026-01-16,Uraurin Gnunibin,127
2026-01-16,Teromox,127
2026-01-16,Muandella,122
2026-01-16,VaderLH,120
2026-01-16,nKost13,115
2026-01-16,Tenebiris,114
2026-01-16,Korfyyy,111
2026-01-16,Dinkinafide,107
2026-01-16,Hades2,105
2026-01-16,rvov,96
2026-01-16,Hamertime,94
2026-01-16,Bitto,86
2026-01-16,Zol1,86
2026-01-16,Plague Doctor,84
2026-01-16,B0nsai,65
2026-01-17,Poopguy,220
2026-01-17,DanfredDiller,245
2026-01-17,Spectrooo,244
2026-01-17,Murray,233
2026-01-17,SavageBoyNiller,225
2026-01-17,Kråget,191
2026-01-17,_Chaze,157
2026-01-17,Fortnite,269
2026-01-17,Iga,262
2026-01-17,Frokost,239
2026-01-17,Kurtjulus Dubai,231
2026-01-17,Nestoo,219
2026-01-17,Caaes,218
2026-01-17,Macatko,211
2026-01-17,csanadb,203
2026-01-17,gosciu101,190
2026-01-17,Tadikk,185
2026-01-17,Seria,182
2026-01-17,Xiribitata,181
2026-01-17,TitoSKK,175
2026-01-17,Wabulo Hiwaudad,166
2026-01-17,bojowy_rudzielec,163
2026-01-17,Chad_ThunderCOCK,157
2026-01-17,Budin,151
2026-01-17,Vantos,148
2026-01-17,Shinrax,144
2026-01-17,Tumblinpanda,143
2026-01-17,HappyGG,141
2026-01-17,zioms0n,134
2026-01-17,mibombo2,133
2026-01-17,Uraurin Gnunibin,127
2026-01-17,Teromox,127
2026-01-17,Muandella,123
2026-01-17,VaderLH,120
2026-01-17,nKost13,116
2026-01-17,Tenebiris,114
2026-01-17,Korfyyy,111
2026-01-17,Dinkinafide,109
2026-01-17,Hades2,105
2026-01-17,rvov,98
2026-01-17,Hamertime,94
2026-01-17,Zol1,88
2026-01-17,Bitto,86
2026-01-17,Plague Doctor,86
2026-01-17,B0nsai,65
2026-01-18,Poopguy,220
2026-01-18,Spectrooo,246
2026-01-18,DanfredDiller,245
2026-01-18,Murray,233
2026-01-18,SavageBoyNiller,225
2026-01-18,Kråget,191
2026-01-18,_Chaze,157
2026-01-18,Fortnite,269
2026-01-18,Iga,262
2026-01-18,Frokost,239
2026-01-18,Kurtjulus Dubai,231
2026-01-18,Nestoo,219
2026-01-18,Caaes,218
2026-01-18,Macatko,214
2026-01-18,csanadb,203
2026-01-18,gosciu101,193
2026-01-18,Tadikk,185
2026-01-18,Seria,183
2026-01-18,Xiribitata,181
2026-01-18,TitoSKK,175
2026-01-18,Wabulo Hiwaudad,166
2026-01-18,bojowy_rudzielec,163
2026-01-18,Chad_ThunderCOCK,157
2026-01-18,Budin,151
2026-01-18,Vantos,148
2026-01-18,Shinrax,145
2026-01-18,Tumblinpanda,143
2026-01-18,HappyGG,141
2026-01-18,mibombo2,136
2026-01-18,zioms0n,134
2026-01-18,Uraurin Gnunibin,127
2026-01-18,Teromox,127
2026-01-18,Muandella,125
2026-01-18,VaderLH,120
2026-01-18,nKost13,118
2026-01-18,Tenebiris,115
2026-01-18,Korfyyy,111
2026-01-18,Dinkinafide,111
2026-01-18,Hades2,106
2026-01-18,rvov,99
2026-01-18,Zol1,96
2026-01-18,Hamertime,94
2026-01-18,Bitto,86
2026-01-18,Plague Doctor,86
2026-01-18,B0nsai,66
2026-01-19,Poopguy,220
2026-01-19,Spectrooo,246
2026-01-19,DanfredDiller,245
2026-01-19,Murray,233
2026-01-19,SavageBoyNiller,225
2026-01-19,Kråget,193
2026-01-19,_Chaze,157
2026-01-19,Fortnite,269
2026-01-19,Iga,262
2026-01-19,Frokost,239
2026-01-19,Kurtjulus Dubai,231
2026-01-19,Nestoo,219
2026-01-19,Caaes,218
2026-01-19,Macatko,215
2026-01-19,csanadb,203
2026-01-19,gosciu101,194
2026-01-19,Tadikk,186
2026-01-19,Seria,184
2026-01-19,Xiribitata,182
2026-01-19,TitoSKK,175
2026-01-19,Wabulo Hiwaudad,166
2026-01-19,bojowy_rudzielec,163
2026-01-19,Chad_ThunderCOCK,157
2026-01-19,Budin,151
2026-01-19,Vantos,148
2026-01-19,Shinrax,145
2026-01-19,Tumblinpanda,143
2026-01-19,HappyGG,141
2026-01-19,mibombo2,138
2026-01-19,zioms0n,134
2026-01-19,Teromox,127
2026-01-19,Uraurin Gnunibin,127
2026-01-19,Alfafarkas,126
2026-01-19,Muandella,126
2026-01-19,nKost13,122
2026-01-19,VaderLH,120
2026-01-19,Tenebiris,119
2026-01-19,Dinkinafide,116
2026-01-19,Korfyyy,112
2026-01-19,Hades2,108
2026-01-19,rvov,100
2026-01-19,Zol1,97
2026-01-19,Hamertime,95
2026-01-19,Bitto,86
2026-01-19,Plague Doctor,86
2026-01-19,B0nsai,66
2026-01-20,Poopguy,220
2026-01-20,Spectrooo,247
2026-01-20,DanfredDiller,245
2026-01-20,Murray,233
2026-01-20,SavageBoyNiller,225
2026-01-20,Kråget,195
2026-01-20,_Chaze,158
2026-01-20,Fortnite,269
2026-01-20,Iga,262
2026-01-20,Frokost,239
2026-01-20,Kurtjulus Dubai,231
2026-01-20,Nestoo,220
2026-01-20,Macatko,219
2026-01-20,Caaes,218
2026-01-20,csanadb,203
2026-01-20,gosciu101,195
2026-01-20,Tadikk,188
2026-01-20,Seria,185
2026-01-20,Xiribitata,183
2026-01-20,TitoSKK,175
2026-01-20,Wabulo Hiwaudad,166
2026-01-20,bojowy_rudzielec,163
2026-01-20,Chad_ThunderCOCK,157
2026-01-20,Budin,151
2026-01-20,Vantos,148
2026-01-20,Shinrax,145
2026-01-20,Tumblinpanda,143
2026-01-20,mibombo2,143
2026-01-20,HappyGG,141
2026-01-20,zioms0n,135
2026-01-20,Teromox,129
2026-01-20,Muandella,127
2026-01-20,Uraurin Gnunibin,127
2026-01-20,nKost13,125
2026-01-20,Tenebiris,121
2026-01-20,VaderLH,120
2026-01-20,Dinkinafide,118
2026-01-20,Korfyyy,112
2026-01-20,Hades2,108
2026-01-20,rvov,102
2026-01-20,Zol1,99
2026-01-20,Hamertime,95
2026-01-20,Bitto,86
2026-01-20,Plague Doctor,86
2026-01-20,B0nsai,66
2026-01-20,zsoltchamer,50
2026-01-21,Poopguy,220
2026-01-21,Spectrooo,250
2026-01-21,DanfredDiller,245
2026-01-21,Murray,233
2026-01-21,SavageBoyNiller,225
2026-01-21,Kråget,197
2026-01-21,_Chaze,159
2026-01-21,Fortnite,269
2026-01-21,Iga,262
2026-01-21,Frokost,239
2026-01-21,Kurtjulus Dubai,231
2026-01-21,Macatko,219
2026-01-21,Caaes,218
2026-01-21,csanadb,203
2026-01-21,gosciu101,196
2026-01-21,Tadikk,189
2026-01-21,Seria,186
2026-01-21,Xiribitata,183
2026-01-21,TitoSKK,175
2026-01-21,Wabulo Hiwaudad,166
2026-01-21,bojowy_rudzielec,163
2026-01-21,Chad_ThunderCOCK,157
2026-01-21,Budin,151
2026-01-21,mibombo2,150
2026-01-21,Vantos,149
2026-01-21,Shinrax,145
2026-01-21,Tumblinpanda,143
2026-01-21,HappyGG,141
2026-01-21,zioms0n,135
2026-01-21,Teromox,131
2026-01-21,nKost13,129
2026-01-21,Muandella,128
2026-01-21,Uraurin Gnunibin,127
2026-01-21,Tenebiris,124
2026-01-21,Dinkinafide,124
2026-01-21,VaderLH,120
2026-01-21,Korfyyy,112
2026-01-21,Hades2,109
2026-01-21,rvov,105
2026-01-21,Zol1,100
2026-01-21,Hamertime,95
2026-01-21,Bitto,86
2026-01-21,Plague Doctor,86
2026-01-21,Jekegys Mepeukid,52
2026-01-21,zsoltchamer,51
2026-01-22,Poopguy,221
2026-01-22,Spectrooo,250
2026-01-22,DanfredDiller,245
2026-01-22,Murray,233
2026-01-22,SavageBoyNiller,225
2026-01-22,Kråget,197
2026-01-22,_Chaze,160
2026-01-22,Fortnite,269
2026-01-22,Iga,262
2026-01-22,Frokost,239
2026-01-22,Kurtjulus Dubai,231
2026-01-22,Macatko,220
2026-01-22,Caaes,218
2026-01-22,csanadb,203
2026-01-22,gosciu101,196
2026-01-22,Tadikk,192
2026-01-22,Seria,186
2026-01-22,Xiribitata,184
2026-01-22,TitoSKK,175
2026-01-22,Wabulo Hiwaudad,166
2026-01-22,bojowy_rudzielec,163
2026-01-22,Chad_ThunderCOCK,157
2026-01-22,Budin,152
2026-01-22,mibombo2,150
2026-01-22,Vantos,149
2026-01-22,Shinrax,146
2026-01-22,Tumblinpanda,143
2026-01-22,HappyGG,141
2026-01-22,zioms0n,135
2026-01-22,Teromox,132
2026-01-22,nKost13,131
2026-01-22,Muandella,129
2026-01-22,Uraurin Gnunibin,127
2026-01-22,Tenebiris,125
2026-01-22,Dinkinafide,124
2026-01-22,VaderLH,120
2026-01-22,Korfyyy,113
2026-01-22,Hades2,109
2026-01-22,rvov,107
2026-01-22,Zol1,100
2026-01-22,Hamertime,95
2026-01-22,Bitto,86
2026-01-22,Plague Doctor,86
2026-01-22,Jekegys Mepeukid,53
2026-01-22,zsoltchamer,51
2026-01-23,Poopguy,221
2026-01-23,Spectrooo,250
2026-01-23,DanfredDiller,245
2026-01-23,Murray,233
2026-01-23,SavageBoyNiller,225
2026-01-23,Kråget,197
2026-01-23,_Chaze,162
2026-01-23,Fortnite,269
2026-01-23,Iga,262
2026-01-23,Frokost,239
2026-01-23,Kurtjulus Dubai,231
2026-01-23,Macatko,221
2026-01-23,Caaes,218
2026-01-23,csanadb,203
2026-01-23,gosciu101,197
2026-01-23,Tadikk,192
2026-01-23,Seria,187
2026-01-23,Xiribitata,184
2026-01-23,TitoSKK,178
2026-01-23,Wabulo Hiwaudad,166
2026-01-23,bojowy_rudzielec,163
2026-01-23,Chad_ThunderCOCK,157
2026-01-23,Budin,152
2026-01-23,mibombo2,150
2026-01-23,Vantos,149
2026-01-23,Shinrax,146
2026-01-23,Tumblinpanda,143
2026-01-23,HappyGG,141
2026-01-23,zioms0n,135
2026-01-23,Teromox,133
2026-01-23,nKost13,131
2026-01-23,Muandella,130
2026-01-23,Uraurin Gnunibin,127
2026-01-23,Tenebiris,125
2026-01-23,Dinkinafide,125
2026-01-23,VaderLH,120
2026-01-23,Korfyyy,113
2026-01-23,Hades2,110
2026-01-23,rvov,108
2026-01-23,Zol1,100
2026-01-23,Hamertime,95
2026-01-23,Dynamitpro,87
2026-01-23,Bitto,86
2026-01-23,Plague Doctor,86
2026-01-23,Johnyyy,57
2026-01-23,Jekegys Mepeukid,54
2026-01-23,zsoltchamer,51
2026-01-23,Passi,40
2026-01-24,Poopguy,221
2026-01-24,Spectrooo,250
2026-01-24,DanfredDiller,245
2026-01-24,Murray,233
2026-01-24,SavageBoyNiller,225
2026-01-24,Kråget,202
2026-01-24,_Chaze,162
2026-01-24,Fortnite,269
2026-01-24,Iga,262
2026-01-24,Frokost,239
2026-01-24,Kurtjulus Dubai,231
2026-01-24,Macatko,221
2026-01-24,Caaes,218
2026-01-24,csanadb,203
2026-01-24,gosciu101,199
2026-01-24,Tadikk,192
2026-01-24,Seria,187
2026-01-24,Xiribitata,184
2026-01-24,TitoSKK,178
2026-01-24,Wabulo Hiwaudad,166
2026-01-24,bojowy_rudzielec,163
2026-01-24,Chad_ThunderCOCK,157
2026-01-24,Budin,152
2026-01-24,mibombo2,150
2026-01-24,Vantos,149
2026-01-24,Shinrax,146
2026-01-24,Tumblinpanda,143
2026-01-24,HappyGG,141
2026-01-24,zioms0n,135
2026-01-24,Teromox,134
2026-01-24,nKost13,132
2026-01-24,Muandella,131
2026-01-24,Dinkinafide,128
2026-01-24,Uraurin Gnunibin,127
2026-01-24,Tenebiris,126
2026-01-24,VaderLH,120
2026-01-24,Korfyyy,113
2026-01-24,Hades2,112
2026-01-24,rvov,109
2026-01-24,Zol1,100
2026-01-24,Hamertime,96
2026-01-24,Dynamitpro,87
2026-01-24,Bitto,86
2026-01-24,Plague Doctor,86
2026-01-24,Johnyyy,58
2026-01-24,Jekegys Mepeukid,55
2026-01-24,zsoltchamer,52
2026-01-24,Passi,41
2026-01-24,Ginekomastiak,40
2026-01-25,Poopguy,222
2026-01-25,Spectrooo,252
2026-01-25,DanfredDiller,245
2026-01-25,Murray,233
2026-01-25,SavageBoyNiller,225
2026-01-25,Kråget,204
2026-01-25,_Chaze,162
2026-01-25,Fortnite,269
2026-01-25,Iga,262
2026-01-25,Frokost,239
2026-01-25,Kurtjulus Dubai,231
2026-01-25,Macatko,221
2026-01-25,Caaes,218
2026-01-25,csanadb,203
2026-01-25,gosciu101,199
2026-01-25,Tadikk,192
2026-01-25,Seria,188
2026-01-25,Xiribitata,184
2026-01-25,TitoSKK,178
2026-01-25,Wabulo Hiwaudad,166
2026-01-25,bojowy_rudzielec,163
2026-01-25,Chad_ThunderCOCK,157
2026-01-25,Budin,152
2026-01-25,mibombo2,151
2026-01-25,Vantos,149
2026-01-25,Shinrax,146
2026-01-25,Tumblinpanda,143
2026-01-25,HappyGG,141
2026-01-25,Teromox,135
2026-01-25,zioms0n,135
2026-01-25,nKost13,133
2026-01-25,Muandella,132
2026-01-25,Dinkinafide,129
2026-01-25,Tenebiris,127
2026-01-25,Uraurin Gnunibin,127
2026-01-25,VaderLH,120
2026-01-25,Korfyyy,113
2026-01-25,Hades2,113
2026-01-25,rvov,111
2026-01-25,Zol1,100
2026-01-25,Hamertime,96
2026-01-25,Dynamitpro,88
2026-01-25,Bitto,86
2026-01-25,Plague Doctor,86
2026-01-25,Johnyyy,58
2026-01-25,Jekegys Mepeukid,55
2026-01-25,zsoltchamer,52
2026-01-25,Jaff,43
2026-01-25,Passi,42
2026-01-25,Ginekomastiak,40
2026-01-26,Poopguy,222
2026-01-26,Spectrooo,252
2026-01-26,DanfredDiller,245
2026-01-26,Murray,233
2026-01-26,SavageBoyNiller,225
2026-01-26,Kråget,206
2026-01-26,_Chaze,163
2026-01-26,Fortnite,269
2026-01-26,Iga,262
2026-01-26,Frokost,239
2026-01-26,Kurtjulus Dubai,231
2026-01-26,Caaes,218
2026-01-26,csanadb,203
2026-01-26,gosciu101,199
2026-01-26,Tadikk,192
2026-01-26,Seria,188
2026-01-26,Xiribitata,185
2026-01-26,TitoSKK,181
2026-01-26,Wabulo Hiwaudad,166
2026-01-26,bojowy_rudzielec,163
2026-01-26,Chad_ThunderCOCK,157
2026-01-26,Budin,152
2026-01-26,mibombo2,151
2026-01-26,Vantos,149
2026-01-26,Shinrax,146
2026-01-26,Tumblinpanda,143
2026-01-26,HappyGG,142
2026-01-26,zioms0n,135
2026-01-26,Teromox,135
2026-01-26,nKost13,133
2026-01-26,Muandella,132
2026-01-26,Dinkinafide,129
2026-01-26,Tenebiris,127
2026-01-26,Uraurin Gnunibin,127
2026-01-26,VaderLH,120
2026-01-26,Korfyyy,113
2026-01-26,Hades2,113
2026-01-26,rvov,112
2026-01-26,Zol1,100
2026-01-26,Hamertime,97
2026-01-26,Dynamitpro,88
2026-01-26,Bitto,86
2026-01-26,Plague Doctor,86
2026-01-26,Johnyyy,59
2026-01-26,Jekegys Mepeukid,56
2026-01-26,zsoltchamer,52
2026-01-26,Jaff,43
2026-01-26,Passi,42
2026-01-26,Ginekomastiak,40
2026-01-27,Poopguy,222
2026-01-27,Spectrooo,253
2026-01-27,DanfredDiller,245
2026-01-27,Murray,233
2026-01-27,SavageBoyNiller,225
2026-01-27,Kråget,208
2026-01-27,_Chaze,164
2026-01-27,Fortnite,269
2026-01-27,Iga,262
2026-01-27,Frokost,239
2026-01-27,Kurtjulus Dubai,231
2026-01-27,Caaes,218
2026-01-27,csanadb,203
2026-01-27,gosciu101,200
2026-01-27,Tadikk,192
2026-01-27,Seria,190
2026-01-27,Xiribitata,186
2026-01-27,TitoSKK,181
2026-01-27,Wabulo Hiwaudad,166
2026-01-27,bojowy_rudzielec,163
2026-01-27,Chad_ThunderCOCK,157
2026-01-27,Budin,152
2026-01-27,mibombo2,151
2026-01-27,Vantos,149
2026-01-27,Shinrax,146
2026-01-27,Tumblinpanda,143
2026-01-27,HappyGG,142
2026-01-27,Teromox,135
2026-01-27,zioms0n,135
2026-01-27,nKost13,134
2026-01-27,Muandella,133
2026-01-27,Dinkinafide,131
2026-01-27,Tenebiris,127
2026-01-27,Uraurin Gnunibin,127
2026-01-27,VaderLH,120
2026-01-27,Hades2,114
2026-01-27,Korfyyy,114
2026-01-27,rvov,112
2026-01-27,Zol1,100
2026-01-27,Rafi999,99
2026-01-27,Hamertime,98
2026-01-27,Dynamitpro,88
2026-01-27,Bitto,86
2026-01-27,Plague Doctor,86
2026-01-27,Johnyyy,59
2026-01-27,Jekegys Mepeukid,56
2026-01-27,zsoltchamer,52
2026-01-27,Zuziol,46
2026-01-27,Jaff,43
2026-01-27,Passi,42
2026-01-28,Poopguy,223
2026-01-28,Spectrooo,253
2026-01-28,DanfredDiller,245
2026-01-28,Murray,233
2026-01-28,SavageBoyNiller,225
2026-01-28,Kråget,211
2026-01-28,_Chaze,164
2026-01-28,Fortnite,269
2026-01-28,Iga,262
2026-01-28,Frokost,239
2026-01-28,Kurtjulus Dubai,231
2026-01-28,Caaes,218
2026-01-28,csanadb,203
2026-01-28,gosciu101,200
2026-01-28,Tadikk,192
2026-01-28,Seria,190
2026-01-28,Xiribitata,186
2026-01-28,TitoSKK,181
2026-01-28,Wabulo Hiwaudad,166
2026-01-28,bojowy_rudzielec,163
2026-01-28,Chad_ThunderCOCK,157
2026-01-28,Budin,152
2026-01-28,mibombo2,151
2026-01-28,Vantos,149
2026-01-28,Shinrax,146
2026-01-28,Tumblinpanda,143
2026-01-28,HappyGG,142
2026-01-28,Teromox,136
2026-01-28,zioms0n,135
2026-01-28,nKost13,134
2026-01-28,Muandella,134
2026-01-28,Dinkinafide,131
2026-01-28,Tenebiris,127
2026-01-28,Uraurin Gnunibin,127
2026-01-28,VaderLH,120
2026-01-28,Hades2,115
2026-01-28,Korfyyy,114
2026-01-28,rvov,112
2026-01-28,Zol1,100
2026-01-28,Hamertime,99
2026-01-28,Rafi999,99
2026-01-28,Dynamitpro,88
2026-01-28,Bitto,86
2026-01-28,Plague Doctor,86
2026-01-28,Johnyyy,59
2026-01-28,zsoltchamer,52
2026-01-28,Darren50,51
2026-01-28,Zuziol,47
2026-01-28,Jaff,43
2026-01-29,Poopguy,223
2026-01-29,Spectrooo,253
2026-01-29,DanfredDiller,245
2026-01-29,Murray,233
2026-01-29,SavageBoyNiller,225
2026-01-29,Kråget,213
2026-01-29,_Chaze,165
2026-01-29,Fortnite,269
2026-01-29,Iga,262
2026-01-29,Frokost,239
2026-01-29,Kurtjulus Dubai,231
2026-01-29,Caaes,218
2026-01-29,csanadb,203
2026-01-29,gosciu101,201
2026-01-29,Tadikk,192
2026-01-29,Seria,191
2026-01-29,Xiribitata,189
2026-01-29,TitoSKK,181
2026-01-29,Wabulo Hiwaudad,166
2026-01-29,bojowy_rudzielec,163
2026-01-29,Chad_ThunderCOCK,158
2026-01-29,Budin,152
2026-01-29,mibombo2,151
2026-01-29,Vantos,149
2026-01-29,Shinrax,146
2026-01-29,Tumblinpanda,143
2026-01-29,HappyGG,142
2026-01-29,Teromox,136
2026-01-29,zioms0n,135
2026-01-29,Muandella,135
2026-01-29,nKost13,134
2026-01-29,Dinkinafide,133
2026-01-29,Tenebiris,127
2026-01-29,Uraurin Gnunibin,127
2026-01-29,VaderLH,120
2026-01-29,Hades2,115
2026-01-29,Korfyyy,114
2026-01-29,rvov,113
2026-01-29,Rafi999,101
2026-01-29,Hamertime,100
2026-01-29,Zol1,100
2026-01-29,Dynamitpro,88
2026-01-29,Bitto,86
2026-01-29,Plague Doctor,86
2026-01-29,Johnyyy,59
2026-01-29,zsoltchamer,52
2026-01-29,Darren50,51
2026-01-29,Zuziol,47
2026-01-29,Jaff,43
2026-01-30,Poopguy,224
2026-01-30,Spectrooo,254
2026-01-30,Murray,233
2026-01-30,Kråget,214
2026-01-30,_Chaze,165
2026-01-30,Fortnite,269
2026-01-30,Iga,262
2026-01-30,Caaes,218
2026-01-30,csanadb,203
2026-01-30,gosciu101,201
2026-01-30,Tadikk,192
2026-01-30,Seria,191
2026-01-30,Xiribitata,189
2026-01-30,TitoSKK,181
2026-01-30,Wabulo Hiwaudad,166
2026-01-30,bojowy_rudzielec,163
2026-01-30,Chad_ThunderCOCK,158
2026-01-30,Budin,152
2026-01-30,mibombo2,151
2026-01-30,Vantos,149
2026-01-30,Shinrax,146
2026-01-30,Tumblinpanda,143
2026-01-30,HappyGG,142
2026-01-30,nKost13,137
2026-01-30,Dinkinafide,137
2026-01-30,Teromox,136
2026-01-30,zioms0n,136
2026-01-30,Muandella,135
2026-01-30,Tenebiris,127
2026-01-30,Uraurin Gnunibin,127
2026-01-30,Hades2,116
2026-01-30,Korfyyy,115
2026-01-30,rvov,113
2026-01-30,Rafi999,101
2026-01-30,Hamertime,101
2026-01-30,Zol1,100
2026-01-30,Dynamitpro,88
2026-01-30,Plague Doctor,86
2026-01-30,Bitto,86
2026-01-30,Johnyyy,59
2026-01-30,zsoltchamer,52
2026-01-30,Darren50,51
2026-01-30,Zuziol,47
2026-01-31,Poopguy,225
2026-01-31,Spectrooo,254
2026-01-31,Murray,233
2026-01-31,Kråget,214
2026-01-31,_Chaze,165
2026-01-31,Fortnite,269
2026-01-31,Iga,262
2026-01-31,gosciu101,201
2026-01-31,Tadikk,192
2026-01-31,Seria,191
2026-01-31,Xiribitata,191
2026-01-31,TitoSKK,184
2026-01-31,Wabulo Hiwaudad,166
2026-01-31,Chad_ThunderCOCK,158
2026-01-31,Budin,152
2026-01-31,mibombo2,151
2026-01-31,Vantos,149
2026-01-31,Shinrax,146
2026-01-31,Tumblinpanda,143
2026-01-31,HappyGG,142
2026-01-31,Dinkinafide,139
2026-01-31,nKost13,139
2026-01-31,Teromox,136
2026-01-31,zioms0n,136
2026-01-31,Muandella,135
2026-01-31,Tenebiris,127
2026-01-31,Hades2,117
2026-01-31,Korfyyy,116
2026-01-31,rvov,113
2026-01-31,Hamertime,102
2026-01-31,Rafi999,102
2026-01-31,Zol1,100
2026-01-31,Dynamitpro,88
2026-01-31,Johnyyy,59
2026-01-31,Darren50,51
2026-01-31,Zuziol,47
2026-01-31,danika7777,37
2026-01-31,ckPAVL1K,36
2026-01-31,SandycervX,17
2026-01-31,P1TRY3K,17
2026-01-31,Surdemud Kinalik,16
2026-02-01,Poopguy,225
2026-02-01,Spectrooo,254
2026-02-01,Murray,233
2026-02-01,Kråget,214
2026-02-01,_Chaze,165
2026-02-01,Fortnite,269
2026-02-01,Iga,262
2026-02-01,gosciu101,201
2026-02-01,Seria,192
2026-02-01,Tadikk,192
2026-02-01,Xiribitata,192
2026-02-01,TitoSKK,184
2026-02-01,Wabulo Hiwaudad,166
2026-02-01,Chad_ThunderCOCK,158
2026-02-01,Budin,152
2026-02-01,mibombo2,151
2026-02-01,Vantos,149
2026-02-01,Shinrax,146
2026-02-01,Tumblinpanda,143
2026-02-01,HappyGG,142
2026-02-01,Dinkinafide,142
2026-02-01,nKost13,140
2026-02-01,Muandella,137
2026-02-01,zioms0n,137
2026-02-01,Teromox,137
2026-02-01,Tenebiris,129
2026-02-01,Hades2,119
2026-02-01,Korfyyy,117
2026-02-01,rvov,114
2026-02-01,Hamertime,104
2026-02-01,Rafi999,103
2026-02-01,Zol1,100
2026-02-01,Dynamitpro,88
2026-02-01,Johnyyy,59
2026-02-01,Darren50,51
2026-02-01,Zuziol,47
2026-02-01,mtk100,43
2026-02-01,Tiaris,43
2026-02-01,danika7777,37
2026-02-01,ckPAVL1K,37
2026-02-01,Thomano,29
2026-02-01,SandycervX,25
2026-02-01,Airways,21
2026-02-01,P1TRY3K,19
2026-02-01,BarkócziTúrós,18
2026-02-01,Komenda,17
2026-02-01,Surdemud Kinalik,16
2026-02-01,Asterix123,15
2026-02-01,6Duchu9,14
2026-02-01,Favige Bimeukir,13
2026-02-02,Poopguy,226
2026-02-02,Spectrooo,255
2026-02-02,Murray,234
2026-02-02,Kråget,214
2026-02-02,_Chaze,166
2026-02-02,Fortnite,269
2026-02-02,Iga,262
2026-02-02,gosciu101,201
2026-02-02,Seria,192
2026-02-02,Tadikk,192
2026-02-02,Xiribitata,192
2026-02-02,TitoSKK,185
2026-02-02,Wabulo Hiwaudad,166
2026-02-02,Chad_ThunderCOCK,158
2026-02-02,Budin,152
2026-02-02,mibombo2,151
2026-02-02,Vantos,149
2026-02-02,Shinrax,146
2026-02-02,Tumblinpanda,143
2026-02-02,HappyGG,142
2026-02-02,Dinkinafide,142
2026-02-02,nKost13,140
2026-02-02,Muandella,137
2026-02-02,zioms0n,137
2026-02-02,Teromox,137
2026-02-02,Tenebiris,129
2026-02-02,Hades2,122
2026-02-02,Korfyyy,117
2026-02-02,rvov,114
2026-02-02,Rafi999,107
2026-02-02,Hamertime,105
2026-02-02,Zol1,100
2026-02-02,Dynamitpro,91
2026-02-02,Johnyyy,59
2026-02-02,Darren50,51
2026-02-02,Zuziol,47
2026-02-02,Tiaris,43
2026-02-02,danika7777,38
2026-02-02,ckPAVL1K,37
2026-02-02,SandycervX,32
2026-02-02,Thomano,29
2026-02-02,Airways,25
2026-02-02,Komenda,22
2026-02-03,Poopguy,226
2026-02-03,Spectrooo,256
2026-02-03,Murray,234
2026-02-03,Kråget,215
2026-02-03,_Chaze,168
2026-02-03,Fortnite,269
2026-02-03,Iga,262
2026-02-03,gosciu101,202
2026-02-03,Seria,194
2026-02-03,Xiribitata,193
2026-02-03,Tadikk,192
2026-02-03,TitoSKK,185
2026-02-03,MrMel,183
2026-02-03,Wabulo Hiwaudad,166
2026-02-03,Chad_ThunderCOCK,158
2026-02-03,Budin,152
2026-02-03,mibombo2,151
2026-02-03,Vantos,149
2026-02-03,Shinrax,146
2026-02-03,Tumblinpanda,143
2026-02-03,HappyGG,142
2026-02-03,Dinkinafide,142
2026-02-03,nKost13,141
2026-02-03,zioms0n,139
2026-02-03,Muandella,138
2026-02-03,Teromox,137
2026-02-03,Tenebiris,129
2026-02-03,Hades2,123
2026-02-03,Korfyyy,117
2026-02-03,rvov,114
2026-02-03,Rafi999,108
2026-02-03,Hamertime,107
2026-02-03,Zol1,100
2026-02-03,Dynamitpro,92
2026-02-03,Darren50,51
2026-02-03,Tiaris,44
2026-02-03,danika7777,38
2026-02-03,ckPAVL1K,37
2026-02-03,SandycervX,34
2026-02-03,Thomano,29
2026-02-03,Komenda,26
2026-02-03,Airways,25
2026-02-03,EdgeBloodx,22
2026-02-04,Poopguy,226
2026-02-04,Spectrooo,256
2026-02-04,Murray,235
2026-02-04,Kråget,215
2026-02-04,_Chaze,169
2026-02-04,Fortnite,269
2026-02-04,Iga,262
2026-02-04,Ahelis,232
2026-02-04,frugan dugan,220
2026-02-04,gosciu101,202
2026-02-04,Seria,194
2026-02-04,Xiribitata,193
2026-02-04,Tadikk,192
2026-02-04,MrMel,186
2026-02-04,TitoSKK,185
2026-02-04,Wabulo Hiwaudad,166
2026-02-04,Chad_ThunderCOCK,158
2026-02-04,Budin,152
2026-02-04,mibombo2,151
2026-02-04,Vantos,149
2026-02-04,Shinrax,146
2026-02-04,Tumblinpanda,143
2026-02-04,Dinkinafide,142
2026-02-04,nKost13,142
2026-02-04,HappyGG,142
2026-02-04,zioms0n,139
2026-02-04,Teromox,138
2026-02-04,Muandella,138
2026-02-04,Tenebiris,129
2026-02-04,Hades2,124
2026-02-04,Korfyyy,117
2026-02-04,rvov,114
2026-02-04,Rafi999,108
2026-02-04,Hamertime,107
2026-02-04,Zol1,100
2026-02-04,Dynamitpro,94
2026-02-04,Darren50,51
2026-02-04,Tiaris,46
2026-02-04,danika7777,38
2026-02-04,ckPAVL1K,37
2026-02-04,SandycervX,36
2026-02-04,Thomano,29
2026-02-04,Komenda,28
2026-02-04,Airways,27
2026-02-04,EdgeBloodx,23
2026-02-05,Poopguy,226
2026-02-05,Spectrooo,257
2026-02-05,Murray,235
2026-02-05,Kråget,216
2026-02-05,_Chaze,169
2026-02-05,Fortnite,269
2026-02-05,Iga,262
2026-02-05,Ahelis,232
2026-02-05,frugan dugan,227
2026-02-05,gosciu101,202
2026-02-05,Xiribitata,194
2026-02-05,Seria,194
2026-02-05,Tadikk,192
2026-02-05,MrMel,188
2026-02-05,TitoSKK,186
2026-02-05,Wabulo Hiwaudad,166
2026-02-05,Chad_ThunderCOCK,158
2026-02-05,Budin,152
2026-02-05,mibombo2,151
2026-02-05,Vantos,149
2026-02-05,Shinrax,146
2026-02-05,Tumblinpanda,143
2026-02-05,Dinkinafide,143
2026-02-05,HappyGG,142
2026-02-05,nKost13,142
2026-02-05,zioms0n,139
2026-02-05,Muandella,139
2026-02-05,Teromox,138
2026-02-05,Tenebiris,129
2026-02-05,Hades2,125
2026-02-05,Korfyyy,118
2026-02-05,rvov,114
2026-02-05,Rafi999,109
2026-02-05,Hamertime,108
2026-02-05,Zol1,100
2026-02-05,Dynamitpro,94
2026-02-05,Darren50,51
2026-02-05,Tiaris,47
2026-02-05,SandycervX,38
2026-02-05,danika7777,38
2026-02-05,ckPAVL1K,37
2026-02-05,Komenda,30
2026-02-05,Thomano,29
2026-02-05,Airways,29
2026-02-05,EdgeBloodx,25
2026-02-05,ProfSnape,19
2026-02-05,Lípa,18
2026-02-05,Akatsukijonin,17
2026-02-05,AmonG59,13
2026-02-06,Poopguy,226
2026-02-06,Spectrooo,257
2026-02-06,Murray,235
2026-02-06,Kråget,216
2026-02-06,_Chaze,169
2026-02-06,Fortnite,269
2026-02-06,Iga,262
2026-02-06,Ahelis,232
2026-02-06,frugan dugan,227
2026-02-06,gosciu101,203
2026-02-06,Seria,196
2026-02-06,Xiribitata,195
2026-02-06,Tadikk,192
2026-02-06,MrMel,188
2026-02-06,TitoSKK,186
2026-02-06,Wabulo Hiwaudad,166
2026-02-06,Chad_ThunderCOCK,158
2026-02-06,Budin,152
2026-02-06,mibombo2,151
2026-02-06,Vantos,149
2026-02-06,Shinrax,146
2026-02-06,Dinkinafide,144
2026-02-06,Tumblinpanda,143
2026-02-06,HappyGG,142
2026-02-06,nKost13,142
2026-02-06,zioms0n,141
2026-02-06,Teromox,140
2026-02-06,Muandella,139
2026-02-06,Tenebiris,129
2026-02-06,Hades2,126
2026-02-06,Korfyyy,118
2026-02-06,rvov,114
2026-02-06,Rafi999,110
2026-02-06,Hamertime,108
2026-02-06,Zol1,100
2026-02-06,Dynamitpro,98
2026-02-06,Darren50,51
2026-02-06,Tiaris,49
2026-02-06,SandycervX,39
2026-02-06,danika7777,38
2026-02-06,ckPAVL1K,37
2026-02-06,Komenda,30
2026-02-06,Airways,30
2026-02-06,Thomano,29
2026-02-06,EdgeBloodx,26
2026-02-06,Lípa,25
2026-02-06,ProfSnape,19
2026-02-06,Akatsukijonin,19
2026-02-06,Nodibek Auvichik,18
2026-02-06,AmonG59,17
2026-02-07,Poopguy,227
2026-02-07,Spectrooo,257
2026-02-07,Murray,236
2026-02-07,Kråget,217
2026-02-07,_Chaze,169
2026-02-07,Fortnite,269
2026-02-07,Iga,262
2026-02-07,Ahelis,233
2026-02-07,frugan dugan,228
2026-02-07,gosciu101,204
2026-02-07,Seria,197
2026-02-07,Xiribitata,196
2026-02-07,Tadikk,192
2026-02-07,MrMel,189
2026-02-07,TitoSKK,186
2026-02-07,Wabulo Hiwaudad,166
2026-02-07,Chad_ThunderCOCK,158
2026-02-07,Budin,152
2026-02-07,mibombo2,151
2026-02-07,Vantos,149
2026-02-07,Dinkinafide,146
2026-02-07,Shinrax,146
2026-02-07,nKost13,143
2026-02-07,Tumblinpanda,143
2026-02-07,HappyGG,142
2026-02-07,zioms0n,142
2026-02-07,Teromox,140
2026-02-07,Muandella,140
2026-02-07,Tenebiris,129
2026-02-07,Hades2,128
2026-02-07,Korfyyy,119
2026-02-07,rvov,116
2026-02-07,Rafi999,112
2026-02-07,Hamertime,109
2026-02-07,Dynamitpro,100
2026-02-07,Zol1,100
2026-02-07,Tiaris,56
2026-02-07,Darren50,51
2026-02-07,SandycervX,44
2026-02-07,danika7777,38
2026-02-07,ckPAVL1K,37
2026-02-07,Airways,37
2026-02-07,Lípa,36
2026-02-07,EdgeBloodx,34
2026-02-07,Komenda,30
2026-02-07,Thomano,29
2026-02-07,AmonG59,24
2026-02-07,Akatsukijonin,21
2026-02-07,Nodibek Auvichik,21
2026-02-07,ProfSnape,19
2026-02-08,Poopguy,227
2026-02-08,Spectrooo,257
2026-02-08,Murray,237
2026-02-08,Kråget,218
2026-02-08,_Chaze,169
2026-02-08,Fortnite,269
2026-02-08,Iga,262
2026-02-08,Ahelis,234
2026-02-08,frugan dugan,228
2026-02-08,gosciu101,204
2026-02-08,Seria,198
2026-02-08,Xiribitata,197
2026-02-08,Tadikk,192
2026-02-08,MrMel,190
2026-02-08,TitoSKK,186
2026-02-08,Wabulo Hiwaudad,166
2026-02-08,Chad_ThunderCOCK,158
2026-02-08,Budin,152
2026-02-08,mibombo2,151
2026-02-08,Vantos,149
2026-02-08,Dinkinafide,147
2026-02-08,Shinrax,146
2026-02-08,nKost13,144
2026-02-08,Tumblinpanda,143
2026-02-08,HappyGG,142
2026-02-08,zioms0n,142
2026-02-08,Teromox,141
2026-02-08,Muandella,141
2026-02-08,Hades2,129
2026-02-08,Tenebiris,129
2026-02-08,Korfyyy,120
2026-02-08,Rafi999,119
2026-02-08,rvov,116
2026-02-08,Hamertime,109
2026-02-08,Dynamitpro,102
2026-02-08,Zol1,100
2026-02-08,Tiaris,62
2026-02-08,Darren50,51
2026-02-08,SandycervX,49
2026-02-08,Lípa,47
2026-02-08,Airways,42
2026-02-08,danika7777,38
2026-02-08,ckPAVL1K,38
2026-02-08,Komenda,34
2026-02-08,EdgeBloodx,34
2026-02-08,Thomano,29
2026-02-08,AmonG59,28
2026-02-08,Nodibek Auvichik,24
2026-02-08,Akatsukijonin,23
2026-02-08,ProfSnape,19
2026-02-09,Poopguy,227
2026-02-09,Spectrooo,257
2026-02-09,Murray,238
2026-02-09,Kråget,220
2026-02-09,_Chaze,169
2026-02-09,Fortnite,269
2026-02-09,Iga,262
2026-02-09,frugan dugan,228
2026-02-09,Seria,206
2026-02-09,gosciu101,205
2026-02-09,Xiribitata,200
2026-02-09,MrMel,193
2026-02-09,Tadikk,192
2026-02-09,TitoSKK,186
2026-02-09,Wabulo Hiwaudad,166
2026-02-09,Chad_ThunderCOCK,158
2026-02-09,mibombo2,156
2026-02-09,Budin,152
2026-02-09,Dinkinafide,151
2026-02-09,Vantos,149
2026-02-09,Shinrax,146
2026-02-09,Teromox,144
2026-02-09,nKost13,144
2026-02-09,Tumblinpanda,143
2026-02-09,HappyGG,142
2026-02-09,Muandella,142
2026-02-09,zioms0n,142
2026-02-09,Hades2,130
2026-02-09,Tenebiris,129
2026-02-09,Korfyyy,122
2026-02-09,Rafi999,120
2026-02-09,rvov,116
2026-02-09,Hamertime,110
2026-02-09,Dynamitpro,104
2026-02-09,Zol1,100
2026-02-09,Tiaris,68
2026-02-09,Lípa,55
2026-02-09,Darren50,51
2026-02-09,SandycervX,50
2026-02-09,Airways,48
2026-02-09,danika7777,38
2026-02-09,ckPAVL1K,38
2026-02-09,Komenda,36
2026-02-09,EdgeBloodx,34
2026-02-09,AmonG59,30
2026-02-09,Thomano,29
2026-02-09,Nodibek Auvichik,27
2026-02-09,Akatsukijonin,26
2026-02-09,ProfSnape,19
2026-02-10,Poopguy,227
2026-02-10,Spectrooo,257
2026-02-10,Murray,238
2026-02-10,Kråget,220
2026-02-10,_Chaze,169
2026-02-10,Fortnite,269
2026-02-10,Iga,262
2026-02-10,frugan dugan,228
2026-02-10,Seria,212
2026-02-10,gosciu101,206
2026-02-10,Xiribitata,200
2026-02-10,MrMel,193
2026-02-10,Tadikk,192
2026-02-10,TitoSKK,186
2026-02-10,Chad_ThunderCOCK,158
2026-02-10,mibombo2,156
2026-02-10,Budin,152
2026-02-10,Dinkinafide,151
2026-02-10,Vantos,149
2026-02-10,Shinrax,146
2026-02-10,Teromox,145
2026-02-10,nKost13,144
2026-02-10,Tumblinpanda,143
2026-02-10,Muandella,143
2026-02-10,zioms0n,142
2026-02-10,HappyGG,142
2026-02-10,Hades2,132
2026-02-10,Tenebiris,129
2026-02-10,Korfyyy,123
2026-02-10,Rafi999,121
2026-02-10,rvov,116
2026-02-10,Hamertime,110
2026-02-10,Dynamitpro,108
2026-02-10,Zol1,100
2026-02-10,Tiaris,69
2026-02-10,Lípa,57
2026-02-10,SandycervX,50
2026-02-10,Airways,49
2026-02-10,Komenda,38
2026-02-10,ckPAVL1K,38
2026-02-10,EdgeBloodx,34
2026-02-10,Oreke,34
2026-02-10,AmonG59,30
2026-02-10,Nodibek Auvichik,28
2026-02-10,Lethay,27
2026-02-10,Akatsukijonin,26
2026-02-11,Poopguy,228
2026-02-11,Spectrooo,257
2026-02-11,Murray,238
2026-02-11,Kråget,221
2026-02-11,_Chaze,170
2026-02-11,Fortnite,269
2026-02-11,Iga,262
2026-02-11,frugan dugan,228
2026-02-11,Seria,212
2026-02-11,gosciu101,207
2026-02-11,Xiribitata,200
2026-02-11,MrMel,194
2026-02-11,Tadikk,192
2026-02-11,TitoSKK,186
2026-02-11,Chad_ThunderCOCK,158
2026-02-11,mibombo2,156
2026-02-11,Budin,152
2026-02-11,Dinkinafide,152
2026-02-11,Vantos,149
2026-02-11,Shinrax,146
2026-02-11,Teromox,145
2026-02-11,nKost13,145
2026-02-11,Muandella,144
2026-02-11,Tumblinpanda,143
2026-02-11,zioms0n,142
2026-02-11,HappyGG,142
2026-02-11,Hades2,133
2026-02-11,Rafi999,130
2026-02-11,Tenebiris,129
2026-02-11,Korfyyy,123
2026-02-11,rvov,116
2026-02-11,Dynamitpro,113
2026-02-11,Hamertime,111
2026-02-11,Zol1,100
2026-02-11,Tiaris,71
2026-02-11,Lípa,59
2026-02-11,SandycervX,52
2026-02-11,Komenda,41
2026-02-11,ckPAVL1K,38
2026-02-11,Lethay,35
2026-02-11,Oreke,34
2026-02-11,EdgeBloodx,34
2026-02-11,AmonG59,30
2026-02-11,Nodibek Auvichik,30
2026-02-11,Akatsukijonin,26
2026-02-12,Poopguy,228
2026-02-12,Spectrooo,257
2026-02-12,Murray,239
2026-02-12,Kråget,221
2026-02-12,_Chaze,170
2026-02-12,Fortnite,269
2026-02-12,Iga,262
2026-02-12,frugan dugan,228
2026-02-12,Seria,213
2026-02-12,gosciu101,208
2026-02-12,Xiribitata,200
2026-02-12,MrMel,196
2026-02-12,Tadikk,192
2026-02-12,TitoSKK,186
2026-02-12,mibombo2,159
2026-02-12,Chad_ThunderCOCK,158
2026-02-12,Dinkinafide,153
2026-02-12,Budin,152
2026-02-12,Vantos,149
2026-02-12,Shinrax,146
2026-02-12,Teromox,146
2026-02-12,nKost13,145
2026-02-12,Muandella,144
2026-02-12,Tumblinpanda,143
2026-02-12,HappyGG,142
2026-02-12,zioms0n,142
2026-02-12,Hades2,135
2026-02-12,Rafi999,130
2026-02-12,Tenebiris,129
2026-02-12,Korfyyy,123
2026-02-12,Dynamitpro,118
2026-02-12,rvov,116
2026-02-12,Hamertime,111
2026-02-12,Zol1,100
2026-02-12,sekacka,84
2026-02-12,Tiaris,72
2026-02-12,Lípa,63
2026-02-12,SandycervX,54
2026-02-12,Komenda,43
2026-02-12,Lancer,42
2026-02-12,Lethay,38
2026-02-12,ckPAVL1K,38
2026-02-12,EdgeBloodx,34
2026-02-12,Oreke,34
2026-02-12,Nodibek Auvichik,31
2026-02-12,Umudod Anemix,31
2026-02-12,AmonG59,30
2026-02-12,Akatsukijonin,26
2026-02-12,Jynukur Spukamod,25
2026-02-13,Poopguy,228
2026-02-13,Spectrooo,258
2026-02-13,Murray,239
2026-02-13,Kråget,221
2026-02-13,_Chaze,170
2026-02-13,Fortnite,269
2026-02-13,Iga,262
2026-02-13,frugan dugan,228
2026-02-13,Seria,213
2026-02-13,gosciu101,208
2026-02-13,Xiribitata,203
2026-02-13,MrMel,196
2026-02-13,Tadikk,192
2026-02-13,TitoSKK,186
2026-02-13,mibombo2,161
2026-02-13,Chad_ThunderCOCK,158
2026-02-13,Dinkinafide,154
2026-02-13,Budin,152
2026-02-13,Vantos,149
2026-02-13,Shinrax,146
2026-02-13,Teromox,146
2026-02-13,Muandella,146
2026-02-13,nKost13,145
2026-02-13,Tumblinpanda,143
2026-02-13,HappyGG,142
2026-02-13,zioms0n,142
2026-02-13,Hades2,136
2026-02-13,Tenebiris,131
2026-02-13,Rafi999,130
2026-02-13,Korfyyy,126
2026-02-13,Dynamitpro,123
2026-02-13,rvov,116
2026-02-13,Hamertime,112
2026-02-13,Zol1,100
2026-02-13,sekacka,87
2026-02-13,Tiaris,74
2026-02-13,Lípa,64
2026-02-13,SandycervX,57
2026-02-13,Lethay,55
2026-02-13,Lancer,44
2026-02-13,Komenda,43
2026-02-13,ckPAVL1K,38
2026-02-13,Oreke,35
2026-02-13,EdgeBloodx,34
2026-02-13,Nodibek Auvichik,32
2026-02-13,Umudod Anemix,32
2026-02-13,AmonG59,30
2026-02-13,Akatsukijonin,26
2026-02-13,Jynukur Spukamod,25
2026-02-14,Poopguy,228
2026-02-14,Spectrooo,258
2026-02-14,Murray,239
2026-02-14,Kråget,222
2026-02-14,_Chaze,170
2026-02-14,Fortnite,269
2026-02-14,Iga,262
2026-02-14,frugan dugan,228
2026-02-14,Seria,214
2026-02-14,gosciu101,209
2026-02-14,Xiribitata,204
2026-02-14,MrMel,198
2026-02-14,Tadikk,192
2026-02-14,TitoSKK,186
2026-02-14,mibombo2,161
2026-02-14,Chad_ThunderCOCK,158
2026-02-14,Dinkinafide,155
2026-02-14,Budin,152
2026-02-14,Vantos,149
2026-02-14,Muandella,148
2026-02-14,Teromox,148
2026-02-14,Shinrax,146
2026-02-14,nKost13,145
2026-02-14,zioms0n,144
2026-02-14,Tumblinpanda,143
2026-02-14,HappyGG,142
2026-02-14,Hades2,139
2026-02-14,Tenebiris,131
2026-02-14,Rafi999,131
2026-02-14,Dynamitpro,128
2026-02-14,Korfyyy,127
2026-02-14,rvov,116
2026-02-14,Hamertime,112
2026-02-14,Zol1,100
2026-02-14,sekacka,88
2026-02-14,Tiaris,76
2026-02-14,Lípa,65
2026-02-14,Lethay,62
2026-02-14,SandycervX,60
2026-02-14,Lancer,47
2026-02-14,Komenda,46
2026-02-14,ckPAVL1K,38
2026-02-14,Umudod Anemix,38
2026-02-14,Oreke,36
2026-02-14,Nodibek Auvichik,34
2026-02-14,EdgeBloodx,34
2026-02-14,AmonG59,30
2026-02-14,Akatsukijonin,26
2026-02-14,Jynukur Spukamod,25
2026-02-15,Poopguy,228
2026-02-15,Spectrooo,258
2026-02-15,Murray,239
2026-02-15,Kråget,223
2026-02-15,_Chaze,170
2026-02-15,Fortnite,269
2026-02-15,Iga,262
2026-02-15,frugan dugan,228
2026-02-15,Seria,215
2026-02-15,Xiribitata,211
2026-02-15,gosciu101,209
2026-02-15,Tadikk,192
2026-02-15,TitoSKK,187
2026-02-15,mibombo2,161
2026-02-15,Chad_ThunderCOCK,158
2026-02-15,Dinkinafide,157
2026-02-15,Budin,152
2026-02-15,Vantos,149
2026-02-15,Muandella,148
2026-02-15,Teromox,148
2026-02-15,Shinrax,146
2026-02-15,nKost13,145
2026-02-15,zioms0n,144
2026-02-15,Tumblinpanda,143
2026-02-15,HappyGG,142
2026-02-15,Hades2,140
2026-02-15,Dynamitpro,132
2026-02-15,Rafi999,131
2026-02-15,Tenebiris,131
2026-02-15,Korfyyy,128
2026-02-15,rvov,116
2026-02-15,Hamertime,113
2026-02-15,Zol1,100
2026-02-15,sekacka,89
2026-02-15,Tiaris,83
2026-02-15,Lípa,67
2026-02-15,SandycervX,63
2026-02-15,Lethay,62
2026-02-15,Lancer,48
2026-02-15,Komenda,47
2026-02-15,ckPAVL1K,40
2026-02-15,Umudod Anemix,39
2026-02-15,Oreke,36
2026-02-15,Nodibek Auvichik,36
2026-02-15,EdgeBloodx,34
2026-02-15,AmonG59,30
2026-02-15,Akatsukijonin,26
2026-02-15,Jynukur Spukamod,25
2026-02-16,Poopguy,229
2026-02-16,Spectrooo,258
2026-02-16,Murray,239
2026-02-16,Kråget,223
2026-02-16,_Chaze,170
2026-02-16,Fortnite,269
2026-02-16,Iga,262
2026-02-16,frugan dugan,228
2026-02-16,Seria,216
2026-02-16,Xiribitata,213
2026-02-16,gosciu101,210
2026-02-16,Tadikk,192
2026-02-16,TitoSKK,188
2026-02-16,mibombo2,164
2026-02-16,Dinkinafide,159
2026-02-16,Chad_ThunderCOCK,158
2026-02-16,Muandella,149
2026-02-16,Vantos,149
2026-02-16,Teromox,148
2026-02-16,zioms0n,147
2026-02-16,nKost13,145
2026-02-16,Tumblinpanda,143
2026-02-16,HappyGG,142
2026-02-16,Hades2,140
2026-02-16,Dynamitpro,137
2026-02-16,Rafi999,132
2026-02-16,Tenebiris,131
2026-02-16,Korfyyy,128
2026-02-16,rvov,116
2026-02-16,Hamertime,113
2026-02-16,Tiaris,91
2026-02-16,sekacka,91
2026-02-16,Lípa,67
2026-02-16,SandycervX,65
2026-02-16,Lethay,62
2026-02-16,Komenda,48
2026-02-16,Lancer,48
2026-02-16,ckPAVL1K,42
2026-02-16,Umudod Anemix,42
2026-02-16,Nodibek Auvichik,38
2026-02-16,Oreke,37
2026-02-16,Heisenberg,25
2026-02-17,Poopguy,229
2026-02-17,Spectrooo,258
2026-02-17,Murray,239
2026-02-17,Kråget,224
2026-02-17,_Chaze,170
2026-02-17,Fortnite,269
2026-02-17,Iga,262
2026-02-17,frugan dugan,228
2026-02-17,Xiribitata,217
2026-02-17,Seria,217
2026-02-17,gosciu101,211
2026-02-17,Tadikk,192
2026-02-17,TitoSKK,188
2026-02-17,mibombo2,167
2026-02-17,Dinkinafide,162
2026-02-17,Chad_ThunderCOCK,158
2026-02-17,Teromox,150
2026-02-17,zioms0n,149
2026-02-17,Muandella,149
2026-02-17,Vantos,149
2026-02-17,nKost13,145
2026-02-17,Tumblinpanda,143
2026-02-17,HappyGG,142
2026-02-17,Hades2,142
2026-02-17,Rafi999,133
2026-02-17,Tenebiris,132
2026-02-17,Korfyyy,128
2026-02-17,rvov,116
2026-02-17,Hamertime,113
2026-02-17,Tiaris,96
2026-02-17,sekacka,92
2026-02-17,Lípa,73
2026-02-17,SandycervX,65
2026-02-17,Lethay,64
2026-02-17,Komenda,53
2026-02-17,Lancer,48
2026-02-17,Umudod Anemix,46
2026-02-17,ckPAVL1K,43
2026-02-17,Nodibek Auvichik,40
2026-02-17,Oreke,38
2026-02-17,Heisenberg,28
